Price,Close,High,Low,Open,Volume
Ticker,TCSG.ME,TCSG.ME,TCSG.ME,TCSG.ME,TCSG.ME
Date,,,,,
2019-10-29,1219.064453125,1225.2606654402928,1199.4761752318584,1201.2751385474974,68382
2019-10-30,1216.265869140625,1226.259836841041,1212.0684515051207,1224.261043300958,36691
2019-10-31,1215.2664794921875,1223.0618231428641,1209.4699293933074,1220.663246481373,19326
2019-11-01,1213.2677001953125,1218.264684133514,1211.8685202932804,1217.6650704602655,16626
2019-11-05,1197.2774658203125,1219.264197246061,1196.6778520898572,1217.065572902162,61347
2019-11-06,1209.0703125,1213.2677303136152,1189.2822068148287,1209.0703125,21717
2019-11-07,1225.060546875,1225.060546875,1200.4752899917466,1219.2639971064816,38222
2019-11-08,1220.46337890625,1250.4452842707667,1215.266564108408,1225.4603631336695,20250
2019-11-11,1221.2630615234375,1229.2582370489592,1215.4665104687556,1229.0584064594998,7094
2019-11-12,1234.854736328125,1241.2509006341115,1222.6621434297497,1227.2593445883165,27403
2019-11-13,1238.65234375,1247.8467449578068,1230.8570003806233,1247.8467449578068,33644
2019-11-14,1260.439208984375,1275.6301137065689,1234.454891903532,1247.8468335676102,84600
2019-11-15,1249.2459716796875,1311.6083549852729,1248.4464054591417,1275.230287890625,33733
2019-11-18,1252.244140625,1275.0304355579476,1249.4457808975592,1274.0310387976724,43925
2019-11-19,1240.25146484375,1273.2315602022059,1234.8546975675752,1273.2315602022059,128523
2019-11-20,1215.066650390625,1251.2447649227888,1214.2670841702784,1249.2459713685992,126020
2019-11-21,1210.06982421875,1220.6634070373275,1205.2726702647901,1219.0643963849052,63789
2019-11-22,1201.2750244140625,1218.8643847316032,1195.678426403484,1218.6645541584953,80217
2019-11-25,1205.2724609375,1219.4638457584936,1200.0756467205179,1208.4704816869244,52066
2019-11-26,1197.0775146484375,1211.2689001585547,1196.2779484239193,1206.4717468048004,128226
2019-11-27,1202.2744140625,1207.4712288990083,1199.0763929318312,1207.271398327099,70640
2019-11-28,1193.4794921875,1206.8714323875492,1190.28147154122,1206.8714323875492,117215
2019-11-29,1185.084716796875,1204.273085628131,1173.8913999814142,1203.8733025281726,87847
2019-12-02,1175.290771484375,1198.876514267886,1174.0915439856194,1176.2901683989026,62359
2019-12-03,1132.316650390625,1179.088472568189,1129.3184597894142,1160.2997626685926,127204
2019-12-04,1139.3123779296875,1139.3123779296875,1125.9204361055636,1134.3153938159608,34008
2019-12-05,1167.095703125,1173.4917454383271,1136.5140615797263,1143.909622750784,72013
2019-12-06,1185.484619140625,1191.281170277905,1166.2962464046268,1169.0946066771135,125107
2019-12-09,1227.6590576171875,1229.2580681031889,1179.688011057063,1207.0715078678033,89712
2019-12-10,1238.0528564453125,1247.2472585913827,1220.2635438622422,1229.2581154386223,158239
2019-12-11,1234.05517578125,1264.037078769165,1218.2646580756111,1242.2501804659432,102807
2019-12-12,1234.2550048828125,1244.2489725336854,1223.4614710211995,1243.249575768598,176037
2019-12-13,1256.441650390625,1257.041386088126,1203.6735707750854,1248.246645153861,92558
2019-12-16,1299.2158203125,1304.2128042367788,1250.2453778545673,1265.2363296274038,244478
2019-12-17,1298.816162109375,1313.207501594682,1290.021542754852,1304.0130990884331,90575
2019-12-18,1321.602294921875,1326.7991092559314,1300.6149630397113,1308.010523435618,117307
2019-12-19,1339.191650390625,1339.191650390625,1316.6053081490431,1325.00026528217,203029
2019-12-20,1284.824462890625,1332.9954603943058,1284.2248492280637,1332.9954603943058,183764
2019-12-23,1303.8131103515625,1308.8100946178163,1284.8245701397987,1284.8245701397987,57563
2019-12-24,1309.2098388671875,1309.2098388671875,1299.2158706315602,1301.2146642786856,42682
2019-12-25,1313.0074462890625,1345.1879715497578,1299.2157228935253,1312.2078801224604,36180
2019-12-26,1304.2127685546875,1309.2097523422533,1280.2272463743714,1300.2151815246348,26168
2019-12-27,1307.810791015625,1338.1924819200954,1294.41884782784,1319.004109768164,65864
2019-12-30,1310.4090576171875,1334.994316912085,1300.6150420088547,1316.2056079543074,38121
2020-01-03,1331.596435546875,1352.1839870028653,1316.40552967891,1316.40552967891,86037
2020-01-06,1322.0020751953125,1322.4017362996353,1312.8075518590792,1322.4017362996353,54398
2020-01-08,1349.3856201171875,1349.3856201171875,1311.6084912080914,1314.406729277271,69111
2020-01-09,1365.9754638671875,1367.1746911133566,1332.9953726341898,1349.3853809829513,65040
2020-01-10,1397.5565185546875,1400.1549258521504,1354.182672754935,1354.3825033175551,74153
2020-01-13,1425.5396728515625,1433.534847548434,1383.565005692986,1383.764836261734,309453
2020-01-14,1425.5396728515625,1449.1254138079971,1404.3523867068418,1439.9310117052682,406004
2020-01-15,1452.9232177734375,1472.3114194456637,1413.9467398603713,1436.5330847132207,439150
2020-01-16,1451.124267578125,1489.3011795380473,1440.3307324916782,1469.113411391077,697184
2020-01-17,1464.316162109375,1466.1151251720623,1443.5287815898794,1450.1247761585973,174577
2020-01-20,1472.3114013671875,1489.1013173684053,1450.9244062184403,1489.1013173684053,171566
2020-01-21,1447.1265869140625,1471.7117241432386,1436.3330525223844,1471.1121104540746,290718
2020-01-22,1443.9287109375,1466.714887391176,1441.9299171084042,1459.7191089893408,346519
2020-01-23,1435.53369140625,1457.5204225912626,1419.3433888810912,1439.131495746278,335086
2020-01-24,1436.5330810546875,1466.9147702114499,1425.3397629460444,1437.532477921708,247026
2020-01-27,1398.3560791015625,1438.3319546847597,1385.1640889577836,1426.7389751649705,249092
2020-01-28,1449.1253662109375,1455.7213607198719,1390.3607853204012,1390.3607853204012,185671
2020-01-29,1467.114501953125,1475.909242589118,1427.5384130845157,1472.3113165128702,230034
2020-01-30,1485.303466796875,1486.3028635911123,1443.1289708787303,1476.7086787657695,50931
2020-01-31,1514.086181640625,1526.8785097297268,1469.1133247602104,1489.101261151506,91360
2020-02-03,1544.0679931640625,1564.0559283506523,1483.3046213981595,1519.482857283892,198907
2020-02-04,1589.4407958984375,1615.8248974906676,1544.4679370469162,1566.054884896309,215604
2020-02-05,1634.213623046875,1655.6007392866557,1591.6393431283173,1608.629088982876,356181
2020-02-06,1644.20751953125,1675.7885551052657,1631.4153140551596,1658.9986405468442,218745
2020-02-07,1660.9974365234375,1668.9926107064625,1637.8114801913357,1649.0046752489,139804
2020-02-10,1669.59228515625,1698.7747451847524,1659.9981001866565,1672.5904755840404,176483
2020-02-11,1683.7838134765625,1696.9758027202377,1653.2021731446823,1688.9806281491176,182803
2020-02-12,1670.5916748046875,1698.5747853441185,1647.0059346065032,1698.5747853441185,95963
2020-02-13,1656.800048828125,1678.9866087884438,1651.2033292014873,1669.9920376699342,72840
2020-02-14,1649.0047607421875,1672.5905014055877,1614.2257024442247,1664.795279370998,94144
2020-02-17,1609.2286376953125,1638.411096712238,1599.0348393928537,1637.811483046801,128859
2020-02-18,1603.0325927734375,1635.0132928786431,1589.2408670543919,1600.0344021385745,89952
2020-02-19,1623.81982421875,1623.81982421875,1599.2345675400918,1614.825253823144,54883
2020-02-20,1643.4080810546875,1662.7964028871984,1618.2232091290516,1627.0179495468947,89189
2020-02-21,1630.61572265625,1657.9992181694136,1610.2280044349404,1640.809642765242,72203
2020-02-25,1589.6407470703125,1613.8262261966377,1550.0646526778762,1579.0471639142775,151916
2020-02-26,1594.23779296875,1601.0337402905047,1510.2884582718698,1566.0548508334714,343060
2020-02-27,1550.064453125,1614.8254152457228,1529.0771201039652,1572.0511829565603,190394
2020-02-28,1473.310791015625,1529.077184178455,1360.1791161221417,1499.0952786063283,416136
2020-03-02,1436.5330810546875,1513.2866872438535,1370.1731046851849,1447.7262771666426,459641
2020-03-03,1418.7437744140625,1440.7305055875584,1374.1706983434947,1419.1435575620092,244252
2020-03-04,1453.522705078125,1461.5178793392845,1344.988238882221,1400.5546755979435,203070
2020-03-05,1481.10595703125,1523.0806197811235,1431.3359509720171,1523.0806197811235,197261
2020-03-06,1115.926513671875,1426.3391551555023,1052.7646806810992,1399.5553924048238,899771
2020-03-10,1130.31787109375,1219.464023976385,951.4258296032273,1004.3938642344993,626347
2020-03-11,1166.4959716796875,1249.2460808755595,1124.3214727880036,1157.1017387488532,846021
2020-03-12,960.0205078125,1144.7090787356206,960.0205078125,1082.3466962163411,605025
2020-03-13,1044.3697509765625,1087.343817284689,909.8509538625559,988.4035250869094,458034
2020-03-16,1044.3697509765625,1044.3697509765625,1044.3697509765625,1044.3697509765625,0
2020-03-17,934.0362548828125,1028.3793402325398,919.445085533466,999.5967236676821,307974
2020-03-18,873.27294921875,939.233140857129,850.8864965344268,939.233140857129,471441
2020-03-19,933.4366455078125,944.430010711866,809.511437753028,893.4607720385271,428843
2020-03-20,986.4047241210938,1020.9838318945925,957.4222144964618,979.808729088619,333010
2020-03-23,923.6425170898438,965.4172903309998,889.8629180957353,944.4299579324999,432353
2020-03-24,951.0260009765625,1009.3908003674425,934.0362548317639,971.4137207496575,302922
2020-03-25,959.8207397460938,1029.3787347013326,935.6353242650931,995.3992424878905,406139
2020-03-26,939.638427734375,974.6249649372508,913.2485581252487,954.6326579641789,343304
2020-03-27,881.6607666015625,969.6269201853919,881.6607666015625,938.6388433547247,202418
2020-03-30,831.4800415039062,881.6607446127742,824.0829244713057,881.6607446127742,597948
2020-03-31,899.6538696289062,917.6469470214844,834.6788679334852,854.6711761474609,767225
2020-04-01,860.4689331054688,898.4543187022352,859.6692529794523,877.6623303673944,364092
2020-04-02,834.6788330078125,885.6592168202657,817.6853717369947,878.6619092381643,912607
2020-04-03,861.6683959960938,868.2658326280521,829.8806413855801,839.6768592073303,593020
2020-04-06,949.6345825195312,958.2312501250365,864.2674072231039,869.8652897902265,845462
2020-04-07,955.8322143554688,1037.6007381666514,938.2389475059438,968.6272786931456,1516143
2020-04-08,958.631103515625,966.6280261726896,914.6480289017694,940.0382827426208,862195
2020-04-09,930.641845703125,1001.6145321101302,919.6460773865467,979.6229954769736,1026030
2020-04-10,940.2382202148438,941.4377708963885,915.6477057957444,938.638859980572,230704
2020-04-13,912.049072265625,945.2362531680129,909.4500357414337,935.6399701861599,354295
2020-04-14,939.638427734375,954.6326579641789,918.8464406847162,924.6441975045711,606793
2020-04-15,912.8488159179688,948.4351005499537,907.8507388060785,941.0379830313664,484082
2020-04-16,890.6572875976562,929.6422867180924,890.6572875976562,929.6422867180924,576379
2020-04-17,894.65576171875,922.4450569753874,877.4623650453943,914.6480692431913,504347
2020-04-20,874.6634521484375,904.6519133649554,864.6672984095983,903.6522979910715,373138
2020-04-21,842.6757202148438,866.6664880501418,829.680720970724,860.6687960913173,828529
2020-04-22,857.6700439453125,860.2690196738064,837.8776705181422,838.6773506644723,491983
2020-04-23,874.6634521484375,881.8606950427379,850.8726184523362,868.665759905134,778283
2020-04-24,903.6522827148438,927.043306472975,854.271259675091,855.8706808532753,712358
2020-04-27,939.638427734375,945.6361198262966,873.8637499953046,930.4419543244262,689191
2020-04-28,998.61572265625,1004.2135441443464,936.6395717006069,939.6384177145897,1033898
2020-04-29,1024.6058349609375,1031.4032688217337,989.2194236707833,999.8153840344636,672313
2020-04-30,1024.6058349609375,1037.400961514188,986.6204479087271,1034.4021151679608,659980
2020-05-04,1019.6077270507812,1025.0056747163117,994.4174062977781,1005.6131111892998,287281
2020-05-05,1023.6061401367188,1036.6011399626732,1013.0102416063819,1029.6038323640823,160671
2020-05-06,1014.4096069335938,1038.400435445529,1010.8110162132257,1024.205824793864,203872
2020-05-07,1036.2012939453125,1048.3966749770711,1012.8103303117373,1018.4081521184864,333710
2020-05-08,1038.0006103515625,1049.196253532401,1026.6049708854553,1049.196253532401,146973
2020-05-12,1042.598876953125,1045.5977231955596,1025.005670068848,1044.1982372110836,234687
2020-05-13,1040.3997802734375,1071.387858362779,1008.6119610369595,1042.7987596681123,664278
2020-05-14,1049.1962890625,1063.7906493535406,1030.003722381592,1047.3970545743066,406746
2020-05-15,1069.5885009765625,1084.1828617254012,1052.3951645365664,1083.5831168771904,407596
2020-05-18,1081.583740234375,1091.9797636209653,1072.5872026538673,1079.584509660929,447591
2020-05-19,1102.3759765625,1102.3759765625,1065.1902082882511,1089.5808498829663,396642
2020-05-20,1143.7598876953125,1150.1574506366308,1091.580012815143,1107.97372971997,472120
2020-05-21,1166.7509765625,1178.1466158482879,1132.7640549872408,1147.158540294375,588043
2020-05-22,1184.1444091796875,1185.9437657557505,1136.5627393089806,1153.7560758260315,356580
2020-05-25,1212.5335693359375,1231.7261376174786,1184.3444617930415,1198.5389527071632,280929
2020-05-26,1220.730224609375,1230.5265039129074,1200.5380432164109,1225.528427130158,422163
2020-05-27,1245.3209228515625,1277.308615875604,1210.5342578785712,1221.5300273555856,493563
2020-05-28,1272.853271484375,1293.4477599388565,1249.459740701372,1249.459740701372,600488
2020-05-29,1252.6588134765625,1279.4515647663893,1201.8725972837528,1272.6533675623816,2331135
2020-06-01,1203.4722900390625,1264.6555782926177,1185.6770876324465,1259.4570429120954,434552
2020-06-02,1258.2572021484375,1260.856469643968,1175.6797222546327,1211.6699178338563,469833
2020-06-03,1235.2635498046875,1275.8524709403375,1230.6648266875188,1258.6572029241156,343389
2020-06-04,1214.669189453125,1249.6596599311986,1208.6708230854554,1242.4616691048254,278046
2020-06-05,1222.067138671875,1227.4656925434808,1205.6715803361747,1216.6685848002692,158489
2020-06-08,1246.46044921875,1262.056175730732,1216.0687050709787,1229.6649763368844,268504
2020-06-09,1213.66943359375,1258.65718030851,1179.6786916314868,1254.458372763295,336133
2020-06-10,1210.8701171875,1223.6666803061837,1190.6756668665562,1204.8717511075677,156397
2020-06-11,1204.671875,1212.4697998521733,1171.8807577204407,1197.2738656340791,237637
2020-06-15,1249.65966796875,1278.4518755335807,1139.6896171875,1179.8786232945442,347989
2020-06-16,1312.442626953125,1329.6378952802643,1238.8625675996827,1238.8625675996827,737100
2020-06-17,1309.2432861328125,1327.6382990206318,1296.0469301682165,1319.2405624808594,205312
2020-06-18,1334.636474609375,1336.4360332776098,1305.6443714156133,1307.8437235327249,201797
2020-06-19,1335.036376953125,1354.8309119234875,1329.2379075566244,1343.6340106495695,106126
2020-06-22,1368.627197265625,1378.0246618880112,1249.6596030548073,1335.636183744978,262796
2020-06-23,1435.8089599609375,1456.4034494446475,1375.0255853809526,1379.6243086691004,394292
2020-06-25,1457.003173828125,1475.9980001208335,1417.6138780558306,1419.613333455063,328321
2020-06-26,1461.8018798828125,1507.3895633069044,1452.6044333180669,1457.2031566004396,249769
2020-06-29,1457.6029052734375,1478.5971858020673,1413.2149734626357,1449.6050841196738,286273
2020-06-30,1437.2086181640625,1488.394753225251,1407.2167850553087,1469.399925589707,270584
2020-07-02,1446.60595703125,1446.8058537529844,1401.6182113046389,1439.8077599732894,163973
2020-07-03,1455.603515625,1472.1989708600136,1425.8115816689453,1425.8115816689453,74910
2020-07-06,1503.390625,1514.5875268789273,1457.6030456696212,1480.5967837014464,171714
2020-07-07,1489.59423828125,1516.3869888316065,1479.9968769923553,1479.9968769923553,121283
2020-07-08,1459.6025390625,1483.5960054580478,1437.6085281999144,1471.599272260274,74104
2020-07-09,1469.7996826171875,1488.5946130473922,1451.804583198213,1462.6016916644292,68823
2020-07-10,1503.9903564453125,1507.3894549878828,1448.0056059839178,1453.4041599001093,116223
2020-07-13,1540.180419921875,1550.7775087884393,1500.1913132276186,1508.5890500408261,128384
2020-07-14,1531.182861328125,1554.3766162878067,1507.589312933659,1522.1853123782555,154426
2020-07-15,1582.5689697265625,1584.5684251526227,1535.7816639419266,1542.5798612053607,108773
2020-07-16,1615.3599853515625,1616.5596097164882,1569.972325643513,1582.5688696235009,105265
2020-07-17,1655.34912109375,1682.1417493675076,1604.7628034753805,1626.3570187286764,219815
2020-07-20,1660.7476806640625,1671.544789121545,1631.7555760680548,1664.3467981746087,131532
2020-07-21,1722.1309814453125,1749.5235459435005,1640.1533067211028,1648.5510441490471,186268
2020-07-22,1769.51806640625,1784.513982223252,1728.5292298397774,1729.5289575609108,181469
2020-07-23,1755.5218505859375,1793.5115033890502,1706.3352962977897,1793.1115878994974,233988
2020-07-24,1775.3165283203125,1781.5147913496846,1714.5330343236303,1749.3236076833361,100457
2020-07-27,1832.301025390625,1844.8975703333053,1751.7228730294012,1787.1132589442275,188843
2020-07-28,1804.1085205078125,1909.0799253709947,1800.3096286016716,1825.9026324275671,330978
2020-07-29,1817.5048828125,1843.4978019286305,1793.511419012995,1807.5076062293729,187625
2020-07-30,1777.715576171875,1827.9019751023177,1724.5301164672458,1819.5042388234128,186665
2020-07-31,1869.0908203125,1869.6906325048037,1769.917884640691,1779.3153491103465,176152
2020-08-03,1888.485595703125,1903.6814076901428,1864.492131279157,1896.483417177781,217797
2020-08-04,1883.8868408203125,1890.6849157362626,1882.8871131529315,1890.6849157362626,76499
2020-08-05,1913.2789306640625,1936.4725646054785,1866.6915219809111,1876.2890055786713,143083
2020-08-06,1938.671875,1995.656352958666,1904.0813215588203,1951.4684381634409,271397
2020-08-07,1914.6783447265625,1963.4651028170888,1904.6810682356404,1963.4651028170888,116948
2020-08-10,1815.3055419921875,1943.6704764827955,1801.7091481254956,1936.472486113309,327235
2020-08-11,1804.508544921875,1887.4859461565097,1801.7092584750328,1877.488668899325,242494
2020-08-12,1765.51904296875,1815.1055103683864,1756.5214940521482,1803.5086939499577,186493
2020-08-13,1768.5184326171875,1817.5050935545771,1750.5233326810035,1817.5050935545771,251192
2020-08-14,1706.93505859375,1761.7200620222116,1690.3396035777757,1773.9168128929678,303547
2020-08-17,1780.3150634765625,1792.711588815128,1702.7360995296629,1702.7360995296629,400081
2020-08-18,1782.114501953125,1828.1019743039524,1749.5234046510393,1828.1019743039524,144732
2020-08-19,1845.697265625,1854.4949183652284,1751.1230478343823,1770.1178744914923,318678
2020-08-20,1826.1004638671875,1844.6973887420081,1776.7085418940642,1818.7016531825,259439
2020-08-21,1878.69189453125,1899.6884510959953,1824.3007902582317,1827.3002983389097,257645
2020-08-24,1926.6839599609375,1929.6834679421947,1883.0911350433898,1894.8891265394932,113554
2020-08-25,1994.2728271484375,1999.4720474898645,1919.4851688552112,1921.684759197548,193737
2020-08-26,1989.2735595703125,2039.6653152995348,1970.0767583640782,2039.6653152995348,178985
2020-08-27,1922.6845703125,1986.4741540186988,1869.6932639024312,1984.4744820786962,244349
2020-08-28,1835.8988037109375,1929.6834687860446,1820.7013454193716,1929.6834687860446,172017
2020-08-31,1906.8870849609375,1950.0800714562847,1851.2962302611866,1884.0908984122677,248290
2020-09-01,1814.3023681640625,1877.6919945190118,1795.3054843004516,1877.6919945190118,325882
2020-09-02,1840.697998046875,1869.293282025813,1772.7091529261866,1807.103534279651,221290
2020-09-03,1802.7042236328125,1865.6938886848743,1788.106643126043,1848.4967591098232,224323
2020-09-04,1799.7047119140625,1819.7014309353299,1722.7173436821831,1769.9095517522594,169563
2020-09-07,1886.29052734375,1905.087492507008,1773.7090208900963,1794.1056992044146,240077
2020-09-08,1840.89794921875,1854.2957757001316,1829.299876313334,1837.2985641171092,287994
2020-09-09,1840.697998046875,1858.0951681201675,1799.7047237829304,1837.8984085453199,205045
2020-09-10,1829.0999755859375,1849.6965724693214,1812.102763838922,1826.9002631885019,82821
2020-09-11,1810.7030029296875,1859.4950487365352,1803.304192091313,1839.898165421302,134626
2020-09-14,1831.8994140625,1856.695394920324,1792.106015716029,1839.6981834428627,121452
2020-09-15,1907.886962890625,1924.684256127857,1831.2995514464524,1840.6980340422776,256156
2020-09-16,1962.278076171875,1987.6739345546127,1907.4871375239848,1946.480740867863,253317
2020-09-17,1973.476318359375,1997.2723416004912,1817.7018228910588,1967.4773024422427,318985
2020-09-18,1998.0721435546875,2013.6695596263442,1967.0772297769233,1974.0760812751282,214003
2020-09-21,1940.28173828125,1994.6728416825524,1909.6867807587344,1937.6821890630508,268992
2020-09-22,1991.0733642578125,2004.2711501700414,1937.0822221709498,1937.0822221709498,233367
2020-09-23,2096.05615234375,2164.64500153374,2058.062383263712,2163.0451662480273,1349172
2020-09-24,2030.8668212890625,2104.854684812142,2014.0696498275115,2104.654766433548,410582
2020-09-25,2033.8662109375,2054.662847213596,1965.277490180232,2048.663831601293,457302
2020-09-28,2067.060791015625,2084.6580017642746,2015.4694013172018,2028.0673101552159,295507
2020-09-29,2064.661376953125,2087.8575237481705,2035.6661324341708,2083.4583429096688,122751
2020-09-30,2053.6630859375,2074.459722969641,2022.868089188039,2074.459722969641,165901
2020-10-01,2011.469970703125,2078.4589779434878,1985.0742777685073,2078.4589779434878,238955
2020-10-02,2010.0703125,2029.6670736284227,1986.474207384132,1999.4720753433287,94047
2020-10-05,2004.671142578125,2099.2557240527167,1980.8749974022185,2002.0715934367101,94806
2020-10-06,1991.0733642578125,2040.665203690503,1983.6745537099255,2009.6702887887855,158580
2020-10-07,1956.87890625,1992.0732055268054,1950.6799720732656,1989.273615998435,130047
2020-10-08,1938.681884765625,1958.6786035357707,1924.684181626523,1949.8799984567925,202201
2020-10-09,1991.6732177734375,2001.6715773004125,1909.6866696522418,1930.6832246588895,227672
2020-10-12,1887.89013671875,2018.6687239714888,1871.4929252588615,1980.0750818410306,603505
2020-10-13,1846.697021484375,1909.0868099120964,1840.2980469186596,1880.891362558556,393175
2020-10-14,1907.6871337890625,1956.679098964987,1829.8998423018638,1859.8949230218177,484916
2020-10-15,1907.6871337890625,1907.6871337890625,1907.6871337890625,1907.6871337890625,0
2020-10-16,1907.6871337890625,1907.6871337890625,1907.6871337890625,1907.6871337890625,0
2020-10-19,1767.110107421875,1839.0982968395795,1755.7119530206808,1799.7047354426113,225864
2020-10-20,1689.7227783203125,1813.1025606266583,1652.7288476706963,1767.7099834735577,544117
2020-10-21,1734.115478515625,1756.7117463465652,1680.1243377627993,1685.7233946159984,357260
2020-10-22,1783.7073974609375,1811.702805044405,1710.1194933658808,1739.51469573858,312954
2020-10-23,1817.3018798828125,1837.8984769672704,1790.9061852079367,1799.7047907829929,131519
2020-10-26,1874.0926513671875,1897.6887569166827,1795.9054017456067,1821.5013013758673,446249
2020-10-27,1992.2730712890625,1999.6718816612665,1959.678444028041,1959.678444028041,490597
2020-10-28,1917.08544921875,2049.6636699999062,1902.2878285371733,1953.6794200877157,963669
2020-10-29,1901.887939453125,1907.2870781186111,1897.2887183863365,1902.4879386772932,219649
2020-10-30,1885.8905029296875,1892.0895589935185,1809.7030530522431,1874.2924304251555,154212
2020-11-02,1964.077880859375,1979.6752981926522,1833.899159232894,1871.8929275820458,210563
2020-11-03,2015.66943359375,2019.0689005009417,1934.6827152797155,1947.8805020366988,184682
2020-11-05,2109.853759765625,2125.251379760335,2009.6702470179775,2019.668606455878,463466
2020-11-06,2160.045654296875,2174.44343954074,2050.4637722382954,2079.6589353958493,245125
2020-11-09,2142.448486328125,2219.8356899120527,2125.0511946313454,2164.6447952234666,337132
2020-11-10,2152.64697265625,2172.04369399861,2100.055499836394,2100.055499836394,247745
2020-11-11,2291.02392578125,2297.223103755782,2069.660351087744,2082.058218835676,410430
2020-11-12,2239.632568359375,2250.2309272605926,2235.233387740329,2242.6320762634277,302936
2020-11-13,2323.81884765625,2329.6179454392645,2252.2307345056824,2255.630079360936,219203
2020-11-16,2278.226318359375,2448.5982684723886,2273.4270569264922,2349.6145083340602,288444
2020-11-17,2294.62353515625,2362.612380642361,2251.630588745915,2299.622714971405,206154
2020-11-18,2327.6181640625,2331.417589610897,2264.62849725153,2293.42382232809,220758
2020-11-19,2260.8291015625,2329.617866792631,2259.629347189419,2322.61901483231,128180
2020-11-20,2268.227783203125,2284.624994054144,2231.43377386608,2259.6290969638358,96082
2020-11-23,2208.03759765625,2291.2241433481668,2164.644815394347,2256.6297220993265,279428
2020-11-24,2190.04052734375,2214.6365889059125,2169.643971975544,2184.6415109523336,143638
2020-11-25,2300.62255859375,2319.2196052082722,2298.0228874409836,2300.2227218474372,3131048
2020-11-26,2237.47607421875,2304.2721763941654,2202.677954252572,2299.872517923757,189545
2020-11-27,2288.473388671875,2319.4716723482065,2227.276581725302,2227.276581725302,203848
2020-11-30,2354.26953125,2361.0692035363986,2269.8743024145906,2289.6732548469763,307037
2020-12-01,2372.86865234375,2395.0673747286232,2321.4715950302166,2353.869704010614,147249
2020-12-02,2416.666259765625,2488.8622140972216,2360.0692953739604,2389.867694532889,206760
2020-12-03,2364.46923828125,2464.863584392264,2350.8698932682405,2464.863584392264,316099
2020-12-04,2442.2646484375,2447.464555776385,2324.8712474023073,2359.869309191159,139517
2020-12-07,2376.868408203125,2450.8643115296,2370.6688002633555,2413.8663598663625,169747
2020-12-08,2341.0703125,2409.866551680448,2311.2719137824306,2409.866551680448,158969
2020-12-09,2477.2626953125,2503.461439566972,2339.070398135041,2359.86929498405,248313
2020-12-10,2412.866455078125,2493.6620321133746,2404.8668978296273,2440.864905447867,146001
2020-12-11,2261.6748046875,2359.0693136424434,2235.2761200757873,2296.8728067093443,970861
2020-12-14,2307.872314453125,2329.871097346526,2273.67425532608,2297.6729275734265,260594
2020-12-15,2384.66796875,2398.467253274414,2269.874278022809,2300.0725565966345,236085
2020-12-16,2429.865478515625,2448.264362265887,2351.269732053535,2379.8682464474023,270145
2020-12-17,2450.8642578125,2478.8627071061555,2400.8670269309723,2429.865420842258,338789
2020-12-18,2454.6640625,2469.6632315586276,2370.068651358501,2469.6632315586276,214009
2020-12-21,2330.870849609375,2451.6642054415784,2309.8720131264076,2444.4646531871235,273254
2020-12-22,2378.468505859375,2419.866117827561,2334.070815733706,2359.4695570003983,161366
2020-12-23,2361.869140625,2398.2670263436567,2343.070133355994,2398.2670263436567,65677
2020-12-24,2357.869384765625,2396.667284366663,2344.870104866578,2396.667284366663,60843
2020-12-25,2336.2705078125,2362.469252105426,2325.0711769164736,2353.869630739902,38915
2020-12-28,2360.66943359375,2368.6689909802913,2330.2709690486226,2335.270692415211,50296
2020-12-29,2379.8681640625,2398.86711159073,2332.4708873534405,2373.068491911187,117933
2020-12-30,2369.86865234375,2405.866657189478,2347.8698716046943,2357.4694372143927,98387
2021-01-04,2499.0615234375,2514.0606926052114,2376.0683362622685,2395.0672838747023,239955
2021-01-05,2439.465087890625,2513.860872873752,2420.2659551350052,2461.263686156415,174256
2021-01-06,2453.064208984375,2498.8617235719407,2424.8658181920596,2428.8655968612425,170062
2021-01-08,2453.064208984375,2453.064208984375,2453.064208984375,2453.064208984375,0
2021-01-11,2947.836669921875,3111.42770352903,2859.8415454465953,2899.839329298995,732028
2021-01-12,2890.43994140625,3024.8323972047733,2807.8444202813234,3024.8323972047733,375300
2021-01-13,2853.241943359375,2955.236296826482,2844.6425659158654,2919.6384140534437,156634
2021-01-14,3020.03271484375,3035.231824354787,2858.2416253052397,2879.840526907891,305200
2021-01-15,3260.619384765625,3384.6125145670803,2980.4349580235626,3004.8335084949454,660396
2021-01-18,3359.2138671875,3563.802634602563,3184.823622673727,3289.8178080365974,824569
2021-01-19,3216.82177734375,3510.205425254818,3214.2218237336024,3289.81773312432,692122
2021-01-20,3106.827880859375,3366.813477584009,3106.2278164468626,3278.618412443611,915478
2021-01-21,3009.63330078125,3169.82437660309,2934.8373960031768,3169.82437660309,778154
2021-01-22,3023.032470703125,3104.827987938652,2941.8370178793925,2999.23374035985,514473
2021-01-25,3059.630615234375,3189.4234765050155,3013.6331624417703,3088.2288850596005,572924
2021-01-26,3033.43212890625,3139.826139946591,3022.6326780708214,3124.427090286868,550185
2021-01-27,3018.03271484375,3074.2295520160137,2951.836431764425,3050.83094624433,315858
2021-01-28,3067.630126953125,3085.029065536531,2884.4403230133735,2990.0343274759884,313846
2021-01-29,3125.226806640625,3144.825818774129,3013.8330740175593,3030.8321324974195,396951
2021-02-01,3213.02197265625,3254.819706187862,3064.8302302506286,3090.428909922486,382000
2021-02-02,3205.822509765625,3304.417148733652,3169.8245027938337,3274.8186897948913,270010
2021-02-03,3225.8212890625,3229.021062966466,3219.0216169371342,3219.0216169371342,160915
2021-02-04,3179.823974609375,3249.8200998366256,3136.826354826921,3229.821206914554,242610
2021-02-05,3226.621337890625,3278.4185178594626,3173.824213305119,3207.8223302718407,235452
2021-02-08,3350.814453125,3389.412413470747,3260.019431949907,3260.019431949907,358314
2021-02-09,3474.8076171875,3494.8065099482915,3300.017245632762,3429.410228271347,643868
2021-02-10,3545.20361328125,3690.7956498703547,3511.2054956720403,3576.001956882073,1649517
2021-02-11,3507.005859375,3625.7993336948944,3503.6061451850946,3625.7993336948944,477354
2021-02-12,3531.6044921875,3559.4030017200585,3458.608534215522,3492.6066516271285,434362
2021-02-15,3558.403076171875,3674.5965939468424,3494.806499727704,3617.799689846876,617122
2021-02-16,3746.79248046875,3769.791206663247,3543.0037186677405,3599.600681649388,561858
2021-02-17,3872.185546875,3972.7800758447424,3739.7929734858635,3783.790537879815,1027767
2021-02-18,3867.185791015625,3994.7788243322498,3793.7899523195383,3874.9854080087043,1005813
2021-02-19,4040.37646484375,4072.974514073687,4034.9766172382338,4054.575630098944,1005123
2021-02-22,4147.17041015625,4432.954888654255,4063.5751825541397,4273.763502523878,1557286
2021-02-24,3743.192626953125,4094.773256198442,3721.9938496414507,4094.773256198442,1604397
2021-02-25,3943.781494140625,3969.979993780338,3765.791355713386,3824.588146895669,1173490
2021-02-26,3827.588134765625,4029.7768917756985,3742.1927161906888,3859.7863032888827,6863006
2021-03-01,3884.784912109375,3887.78474601834,3877.5853595532813,3887.78474601834,319108
2021-03-02,3809.989013671875,3948.781378353321,3806.789239653354,3887.784755390659,393116
2021-03-03,3832.387939453125,3835.987593694515,3805.989254380715,3822.788373221865,430940
2021-03-04,3798.989501953125,3843.1870047555244,3635.798590921981,3820.788343210366,457261
2021-03-05,3820.388427734375,3911.183201906492,3682.596013341895,3740.9926801984307,417325
2021-03-09,3715.794189453125,3849.9867079647897,3676.196285047078,3759.7917525144644,441158
2021-03-10,3741.192626953125,3878.9850415909214,3732.793189968087,3773.5909784534847,403268
2021-03-11,3934.18212890625,3939.7819165908277,3615.5999102490555,3779.7907727698803,502269
2021-03-12,4309.76123046875,4339.759568499855,3859.786160002175,3919.782836064385,781815
2021-03-15,4279.36328125,4444.553846772688,4250.764766211796,4414.75569109035,547961
2021-03-16,4490.3515625,4624.744026394545,4274.963581602654,4338.75985524885,783205
2021-03-17,4439.75390625,4595.145195317913,4380.157112019771,4552.74764305321,411463
2021-03-18,4359.55859375,4559.147648301328,4324.76071440171,4493.551180045914,397004
2021-03-19,4282.7626953125,4341.959610568066,4200.7672386196155,4299.561569186924,264462
2021-03-22,4422.7548828125,4459.75283231828,4249.76447025845,4328.559907958272,154680
2021-03-23,4322.7607421875,4447.7538240226695,4264.964136448608,4447.7538240226695,171084
2021-03-24,4335.15966796875,4359.758402477604,4239.765051950698,4259.763943705182,178809
2021-03-25,4318.2001953125,4337.7998046875,4262.60009765625,4265.0,100881
2021-03-26,4294.0,4456.7998046875,4260.2001953125,4333.7998046875,206537
2021-03-29,4340.7998046875,4366.39990234375,4258.0,4324.0,84494
2021-03-30,4511.0,4589.0,4322.60009765625,4328.2001953125,339567
2021-03-31,4406.0,4538.0,4382.0,4515.0,244951
2021-04-01,4530.60009765625,4615.0,4428.39990234375,4448.0,354077
2021-04-02,4720.2001953125,4788.0,4521.2001953125,4596.0,182631
2021-04-05,4734.60009765625,4798.0,4654.2001953125,4737.60009765625,153697
2021-04-06,4728.0,4764.39990234375,4629.2001953125,4730.0,314085
2021-04-07,4545.2001953125,4721.0,4514.0,4719.2001953125,379897
2021-04-08,4554.2001953125,4555.39990234375,4537.0,4555.0,278046
2021-04-09,4536.0,4675.39990234375,4518.0,4523.60009765625,223937
2021-04-12,4562.60009765625,4595.0,4470.0,4550.2001953125,211524
2021-04-13,4463.7998046875,4600.0,4363.60009765625,4560.0,400156
2021-04-14,4365.0,4448.0,4320.0,4448.0,293684
2021-04-15,4358.39990234375,4422.60009765625,4301.2001953125,4388.0,208687
2021-04-16,4599.0,4643.0,4313.60009765625,4379.0,320856
2021-04-19,4582.0,4648.0,4509.60009765625,4611.2001953125,171378
2021-04-20,4404.7998046875,4648.2001953125,4350.0,4560.0,436637
2021-04-21,4280.2001953125,4425.0,4248.2001953125,4424.60009765625,449350
2021-04-22,4410.0,4474.0,4278.0,4354.0,320590
2021-04-23,4472.0,4521.7998046875,4363.0,4378.0,238881
2021-04-26,4528.0,4555.39990234375,4380.0,4485.60009765625,182082
2021-04-27,4474.39990234375,4584.60009765625,4461.0,4506.2001953125,247890
2021-04-28,4393.0,4504.2001953125,4345.0,4475.39990234375,273491
2021-04-29,4271.2001953125,4480.0,4260.0,4420.0,289709
2021-04-30,4364.0,4440.0,4260.0,4327.7998046875,296772
2021-05-04,4427.7998046875,4439.2001953125,4310.2001953125,4391.0,223379
2021-05-05,4458.60009765625,4470.0,4405.0,4450.2001953125,139241
2021-05-06,4507.39990234375,4520.0,4392.2001953125,4465.2001953125,191076
2021-05-07,4528.0,4542.7998046875,4454.2001953125,4537.2001953125,140591
2021-05-10,4849.0,4930.0,4500.0,4500.0,476400
2021-05-11,4847.2001953125,4868.2001953125,4685.7998046875,4807.2001953125,270354
2021-05-12,4658.60009765625,4871.7998046875,4640.0,4846.0,347447
2021-05-13,4712.2001953125,4742.0,4584.7998046875,4670.0,183628
2021-05-14,4641.0,4754.39990234375,4580.0,4727.60009765625,121266
2021-05-17,4524.7998046875,4618.2001953125,4507.0,4601.0,160569
2021-05-18,4654.2001953125,4675.7998046875,4566.0,4593.2001953125,162584
2021-05-19,4579.7998046875,4692.60009765625,4515.60009765625,4669.2001953125,204478
2021-05-20,4638.60009765625,4683.0,4481.0,4543.39990234375,223559
2021-05-21,4735.39990234375,4769.7998046875,4654.39990234375,4678.0,176215
2021-05-24,4753.2001953125,4779.7998046875,4730.0,4738.0,108503
2021-05-25,4798.2001953125,4820.0,4742.0,4742.0,133522
2021-05-26,5114.7998046875,5137.0,4796.0,4796.0,331549
2021-05-27,5553.39990234375,5669.7998046875,5090.2001953125,5108.39990234375,1055119
2021-05-28,5493.0,5560.0,5422.2001953125,5540.0,513539
2021-05-31,5514.0,5672.2001953125,5439.2001953125,5539.7998046875,157141
2021-06-01,5463.2001953125,5605.39990234375,5442.7998046875,5549.7998046875,313768
2021-06-02,5310.0,5318.0,5298.2001953125,5317.60009765625,687718
2021-06-03,5161.2001953125,5374.7998046875,5110.0,5350.0,368098
2021-06-04,5300.60009765625,5325.0,4986.2001953125,5200.0,562246
2021-06-07,5239.7998046875,5352.39990234375,5162.39990234375,5316.7998046875,226449
2021-06-08,5158.39990234375,5273.60009765625,5115.0,5194.2001953125,144148
2021-06-09,5284.2001953125,5297.0,5164.39990234375,5180.0,177132
2021-06-10,5305.0,5375.0,5234.60009765625,5298.0,191672
2021-06-11,5718.0,5806.2001953125,5315.0,5349.0,495611
2021-06-14,5725.60009765625,5824.39990234375,5625.0,5700.0,295054
2021-06-15,5513.0,5769.2001953125,5501.2001953125,5736.39990234375,267619
2021-06-16,5473.2001953125,5566.2001953125,5421.60009765625,5532.2001953125,218778
2021-06-17,5440.0,5470.0,5354.0,5470.0,273106
2021-06-18,5735.0,5766.0,5446.2001953125,5476.0,599542
2021-06-21,5721.7998046875,5773.39990234375,5672.2001953125,5745.0,186900
2021-06-22,5814.39990234375,5857.0,5641.60009765625,5726.2001953125,195348
2021-06-23,5931.0,5971.60009765625,5703.0,5844.0,244480
2021-06-24,6132.7998046875,6250.0,5877.0,5911.0,423344
2021-06-25,6126.2001953125,6163.7998046875,6013.60009765625,6096.2001953125,233470
2021-06-28,6135.39990234375,6317.7998046875,6075.39990234375,6136.0,339234
2021-06-29,6215.0,6265.0,6161.0,6175.0,173291
2021-06-30,6413.0,6479.0,6170.0,6170.0,335030
2021-07-01,6336.0,6439.39990234375,6271.0,6439.39990234375,234333
2021-07-02,6403.7998046875,6443.0,6302.0,6302.0,228223
2021-07-05,6584.7998046875,6589.7998046875,6383.2001953125,6383.2001953125,186576
2021-07-06,6734.0,6991.0,6567.2001953125,6640.0,629799
2021-07-07,6696.60009765625,6891.0,6621.39990234375,6753.0,297155
2021-07-08,6648.0,6719.39990234375,6551.7998046875,6719.39990234375,215567
2021-07-09,6608.60009765625,6720.60009765625,6600.0,6694.7998046875,161304
2021-07-12,6770.7998046875,6802.60009765625,6626.7998046875,6657.39990234375,230772
2021-07-13,6475.60009765625,6828.0,6455.0,6810.0,366507
2021-07-14,6269.60009765625,6534.2001953125,6112.39990234375,6519.39990234375,534226
2021-07-15,6373.39990234375,6460.0,6187.0,6306.0,194529
2021-07-16,6445.7998046875,6591.0,6330.2001953125,6397.2001953125,324973
2021-07-19,6346.0,6494.0,6250.0,6400.0,198456
2021-07-20,6441.60009765625,6464.0,6325.0,6414.7998046875,144132
2021-07-21,6489.0,6548.60009765625,6410.39990234375,6430.39990234375,179770
2021-07-22,6513.2001953125,6570.0,6406.7998046875,6518.0,168310
2021-07-23,6508.0,6557.7998046875,6461.39990234375,6525.0,122470
2021-07-26,6633.39990234375,6659.7998046875,6420.0,6519.0,167722
2021-07-27,6384.60009765625,6757.7998046875,6356.0,6660.0,220206
2021-07-28,6303.2001953125,6491.7998046875,6220.7998046875,6455.0,189872
2021-07-29,6368.0,6400.0,6250.0,6314.0,329472
2021-07-30,6101.0,6366.39990234375,5970.0,6364.39990234375,350332
2021-08-02,6216.39990234375,6255.0,6025.0,6100.0,213557
2021-08-03,6390.0,6449.2001953125,6128.60009765625,6150.0,255358
2021-08-04,6557.60009765625,6577.0,6382.0,6420.0,237247
2021-08-05,6747.0,6750.0,6537.60009765625,6569.0,300631
2021-08-06,6762.2001953125,6875.0,6704.7998046875,6760.0,263250
2021-08-09,6939.7998046875,6983.2001953125,6706.2001953125,6750.0,289226
2021-08-10,7031.7998046875,7104.60009765625,6923.39990234375,6940.0,291433
2021-08-11,7030.39990234375,7095.0,6951.39990234375,7050.0,198416
2021-08-12,7039.0,7069.7998046875,6961.39990234375,7032.0,180366
2021-08-13,7039.0,7059.7998046875,6996.0,7016.0,76633
2021-08-16,7199.0,7249.0,7033.39990234375,7069.0,251059
2021-08-17,7401.60009765625,7421.7998046875,7202.7998046875,7223.0,302550
2021-08-18,7267.0,7499.0,7120.0,7468.7998046875,365479
2021-08-19,6984.7998046875,7329.60009765625,6843.39990234375,7186.2001953125,415078
2021-08-20,6840.0,7080.0,6771.7998046875,6979.0,277296
2021-08-23,6915.60009765625,7056.0,6875.7998046875,6897.0,185977
2021-08-24,7028.0,7083.39990234375,6906.2001953125,6996.0,203987
2021-08-25,7008.0,7130.0,6964.2001953125,7001.7998046875,142306
2021-08-26,6757.60009765625,7065.0,6666.0,7034.39990234375,343691
2021-08-27,6637.2001953125,6829.7998046875,6475.60009765625,6825.0,494569
2021-08-30,6590.2001953125,6725.0,6564.60009765625,6667.60009765625,219027
2021-08-31,6473.2001953125,6631.39990234375,6416.0,6580.0,460883
2021-09-01,6854.0,6926.7998046875,6453.0,6453.0,502293
2021-09-02,6984.60009765625,7021.2001953125,6716.0,6890.0,476931
2021-09-03,6994.60009765625,7072.2001953125,6890.60009765625,6980.0,485080
2021-09-06,6993.39990234375,7083.39990234375,6863.60009765625,7039.60009765625,263016
2021-09-07,6906.7998046875,7037.0,6863.2001953125,6999.60009765625,229602
2021-09-08,6704.7998046875,6940.0,6660.39990234375,6940.0,317735
2021-09-09,6785.0,6854.0,6578.39990234375,6696.0,306147
2021-09-10,6820.0,6880.60009765625,6739.39990234375,6696.0,186107
2021-09-13,6777.0,6850.0,6642.60009765625,6850.0,254740
2021-09-14,6640.0,6830.0,6530.0,6800.0,257507
2021-09-15,6448.60009765625,6667.39990234375,6412.0,6636.39990234375,356369
2021-09-16,6575.0,6581.2001953125,6369.0,6497.0,456340
2021-09-17,6779.60009765625,6800.0,6550.0,6550.2001953125,352762
2021-09-20,6730.39990234375,6816.39990234375,6560.2001953125,6750.0,261774
2021-09-21,6694.2001953125,6749.7998046875,6590.2001953125,6747.60009765625,211181
2021-09-22,6672.0,6778.39990234375,6631.0,6680.0,193212
2021-09-23,6674.2001953125,6733.39990234375,6644.39990234375,6733.39990234375,84435
2021-09-24,6550.0,6715.2001953125,6505.7998046875,6715.2001953125,161166
2021-09-27,6421.39990234375,6614.2001953125,6402.7998046875,6599.0,222511
2021-09-28,6214.39990234375,6471.0,6170.0,6468.0,346268
2021-09-29,6381.2001953125,6423.7998046875,6173.0,6173.0,243719
2021-09-30,6662.2001953125,6689.0,6332.0,6404.0,405947
2021-10-01,6790.0,6821.0,6586.7998046875,6654.0,371256
2021-10-04,6661.0,6943.0,6650.0,6788.0,399681
2021-10-05,6816.0,6884.7998046875,6660.0,6690.0,284505
2021-10-06,6959.60009765625,7011.2001953125,6788.60009765625,6890.0,478951
2021-10-07,7162.7998046875,7236.0,7000.0,7000.0,380897
2021-10-08,7155.0,7242.7998046875,7063.2001953125,7158.0,257233
2021-10-11,7190.0,7225.0,7051.0,7170.0,209770
2021-10-12,7341.0,7361.0,7132.7998046875,7197.7998046875,314725
2021-10-13,7594.39990234375,7677.60009765625,7290.0,7360.0,697054
2021-10-14,7775.0,7924.60009765625,7542.2001953125,7644.0,511887
2021-10-15,7812.39990234375,7893.7998046875,7678.60009765625,7820.0,225991
2021-10-18,7729.39990234375,7945.2001953125,7700.2001953125,7849.7998046875,281045
2021-10-19,7770.39990234375,7789.39990234375,7765.39990234375,7778.0,272414
2021-10-20,7848.0,7944.0,7770.0,7847.7998046875,314357
2021-10-21,7845.2001953125,7924.2001953125,7815.2001953125,7858.2001953125,180480
2021-10-22,7657.60009765625,7900.0,7642.39990234375,7860.60009765625,166538
2021-10-25,7583.2001953125,7750.2001953125,7500.0,7660.0,183014
2021-10-26,7328.0,7648.7998046875,7313.2001953125,7648.7998046875,244222
2021-10-27,7250.60009765625,7443.7998046875,7067.0,7347.7998046875,385935
2021-10-28,7341.2001953125,7405.0,7208.0,7268.0,265777
2021-10-29,7290.2001953125,7469.0,7187.2001953125,7469.0,202097
2021-11-01,7769.0,7782.0,7316.0,7324.7998046875,372255
2021-11-02,7875.60009765625,7879.60009765625,7860.0,7872.7998046875,302091
2021-11-03,7862.2001953125,7940.2001953125,7702.0,7899.0,194437
2021-11-05,8023.7998046875,8040.2001953125,7760.0,7900.0,259694
2021-11-08,8323.400390625,8518.400390625,8005.0,8005.0,485298
2021-11-09,7965.0,8474.2001953125,7881.0,8400.0,362980
2021-11-10,7654.0,8180.0,7628.7998046875,7983.60009765625,493113
2021-11-11,7415.0,7780.0,7312.0,7670.0,673318
2021-11-12,7305.60009765625,7559.0,7230.0,7559.0,381998
2021-11-15,7436.7998046875,7681.0,7338.0,7347.2001953125,622435
2021-11-16,7410.60009765625,7531.60009765625,7142.39990234375,7465.0,485266
2021-11-17,7250.0,7450.0,7222.0,7450.0,413958
2021-11-18,7434.0,7449.39990234375,7150.0,7225.0,335713
2021-11-19,7069.39990234375,7480.0,7032.2001953125,7420.0,489780
2021-11-22,6672.2001953125,7150.0,6537.60009765625,7075.0,808582
2021-11-23,6991.39990234375,7048.0,6308.39990234375,7075.0,1137495
2021-11-24,6866.2001953125,7355.7998046875,6827.2001953125,7071.0,832546
2021-11-25,7228.0,7324.60009765625,6903.60009765625,6935.2001953125,533650
2021-11-26,6832.7998046875,7150.0,6780.2001953125,7000.0,511560
2021-11-29,6964.0,7095.7998046875,6814.60009765625,6997.2001953125,403809
2021-11-30,7141.39990234375,7245.0,6529.0,6741.0,887514
2021-12-01,7453.7998046875,7542.2001953125,7175.0,7255.39990234375,707341
2021-12-02,7223.0,7518.0,7175.39990234375,7477.0,336088
2021-12-03,7274.60009765625,7405.0,7224.7998046875,7271.0,296759
2021-12-06,6661.7998046875,7407.60009765625,6629.39990234375,7351.7998046875,491988
2021-12-07,6497.2001953125,6913.0,6315.0,6659.0,837942
2021-12-08,6223.39990234375,6710.0,6141.0,6631.7998046875,775504
2021-12-09,6315.39990234375,6523.0,6076.39990234375,6085.7998046875,642265
2021-12-10,6299.2001953125,6382.0,6113.2001953125,6337.7998046875,398537
2021-12-13,5941.60009765625,6432.0,5903.0,6406.0,631352
2021-12-14,5920.7998046875,6047.7998046875,5735.0,5809.7998046875,621045
2021-12-15,6026.39990234375,6080.0,5866.0,6023.0,281242
2021-12-16,6160.0,6278.7998046875,5980.0,6185.2001953125,703731
2021-12-17,6103.0,6186.2001953125,6020.0,6149.39990234375,325834
2021-12-20,6003.60009765625,6109.0,5830.0,5961.2001953125,256413
2021-12-21,6058.39990234375,6274.0,6010.0,6049.2001953125,395291
2021-12-22,6023.0,6159.7998046875,6005.39990234375,6113.0,303232
2021-12-23,5961.0,6025.39990234375,5870.0,5971.2001953125,220156
2021-12-24,6011.7998046875,6030.0,5855.0,5968.0,151278
2021-12-27,5985.60009765625,6095.7998046875,5926.39990234375,6013.7998046875,170408
2021-12-28,6094.39990234375,6209.7998046875,5953.0,5994.39990234375,261031
2021-12-29,5926.7998046875,6146.0,5880.0,6083.7998046875,319362
2021-12-30,6112.7998046875,6125.0,5902.60009765625,5969.7998046875,353341
2022-01-03,6342.39990234375,6382.39990234375,6184.7998046875,6186.0,213806
2022-01-04,6243.39990234375,6480.7998046875,6212.0,6439.0,378391
2022-01-05,6017.7998046875,6268.0,5988.0,6228.60009765625,217119
2022-01-06,5815.0,5976.2001953125,5712.39990234375,5935.2001953125,497533
2022-01-10,5810.60009765625,5890.0,5737.0,5837.7998046875,298724
2022-01-11,5930.39990234375,6027.39990234375,5794.60009765625,5830.2001953125,324214
2022-01-12,6165.0,6222.39990234375,5907.0,5940.2001953125,429683
2022-01-13,5860.2001953125,6189.0,5811.2001953125,6149.60009765625,715883
2022-01-14,5452.0,5868.7998046875,5299.60009765625,5798.60009765625,1422971
2022-01-17,5293.0,5625.0,5045.39990234375,5520.0,1151079
2022-01-18,5293.0,5293.0,5293.0,5293.0,0
2022-01-19,4668.39990234375,4952.0,4403.60009765625,4733.0,2267661
2022-01-20,4929.60009765625,5016.0,4511.7998046875,4650.0,1177128
2022-01-21,4866.39990234375,4989.60009765625,4720.0,4819.0,724572
2022-01-24,4515.39990234375,4960.0,4390.0,4826.0,1050611
2022-01-25,4821.7998046875,5013.0,4486.0,4615.0,1229372
2022-01-26,5127.0,5247.0,4773.0,4980.0,1168547
2022-01-27,5427.0,5524.7998046875,4962.39990234375,5080.0,1296311
2022-01-28,5499.0,5749.60009765625,5329.0,5440.0,1209488
2022-01-31,5499.0,5499.0,5499.0,5499.0,0
2022-02-01,5644.5,5718.0,5525.0,5590.0,702711
2022-02-02,5542.5,5717.5,5470.5,5680.0,555374
2022-02-03,5216.0,5565.0,5117.5,5503.5,663005
2022-02-04,5116.5,5396.5,5082.5,5271.5,548835
2022-02-07,5000.0,5262.0,4973.0,5209.5,389571
2022-02-08,4963.5,5095.0,4879.5,5035.0,600682
2022-02-09,5670.0,5741.0,5035.0,5067.0,1505127
2022-02-10,5980.0,6058.0,5442.0,5702.0,1726909
2022-02-11,5400.0,5958.0,5309.0,5810.0,1624033
2022-02-14,5177.0,5498.0,4920.0,5260.0,1635481
2022-02-15,5431.0,5645.0,5232.0,5235.5,1798498
2022-02-16,5425.0,5690.0,5355.0,5550.0,1452047
2022-02-17,5165.0,5497.5,5108.0,5490.0,1120506
2022-02-18,4822.0,5294.0,4663.5,5151.0,1519233
2022-02-21,4565.5,5110.0,4351.0,4850.0,2862648
2022-02-22,4505.0,4615.5,4007.5,4400.0,2787301
2022-02-24,2422.0,4059.5,1732.5,4059.5,2692930
2022-02-25,3400.0,3852.5,2559.0,2664.0,2804947
2022-03-24,3400.0,3400.0,3400.0,3400.0,0
2022-03-25,3400.0,3400.0,3400.0,3400.0,0
2022-03-28,3400.0,3400.0,3400.0,3400.0,0
2022-03-29,2990.0,3649.5,2867.5,3140.0,771383
2022-03-30,2980.0,3180.0,2900.5,3100.0,362139
2022-03-31,3318.5,3393.5,2930.0,3002.0,742478
2022-04-01,3499.5,3678.0,3331.5,3350.0,763964
2022-04-04,3664.0,3812.0,3312.5,3600.0,661394
2022-04-05,3601.0,3791.0,3360.0,3748.5,492910
2022-04-06,3500.0,3623.0,3430.0,3605.0,243495
2022-04-07,3470.0,3594.5,3450.0,3505.0,226810
2022-04-08,3274.5,3548.0,3151.0,3460.0,322991
2022-04-11,3269.0,3434.5,3215.0,3280.0,165822
2022-04-12,3217.0,3309.0,3062.5,3279.0,178575
2022-04-13,3172.0,3260.0,3139.0,3260.0,91974
2022-04-14,3010.0,3200.0,2985.0,3200.0,199860
2022-04-15,2993.0,3030.0,2901.0,3009.0,138519
2022-04-18,2722.0,3069.0,2710.0,3002.0,250731
2022-04-19,2540.0,2731.0,2350.5,2731.0,635173
2022-04-20,2590.0,2775.0,2424.0,2506.0,442030
2022-04-21,2590.0,2590.0,2590.0,2590.0,0
2022-04-22,2270.0,2560.0,2260.0,2519.5,320227
2022-04-25,1908.0,2228.5,1908.0,2185.0,458348
2022-04-26,2073.0,2138.0,1870.0,1880.0,424633
2022-04-27,2520.0,2690.5,2030.0,2092.5,778716
2022-04-28,2700.0,2950.0,2500.0,2554.5,1268080
2022-04-29,2608.0,3030.0,2557.0,2965.0,628679
2022-05-04,2402.0,2666.5,2391.0,2558.0,358736
2022-05-05,2402.0,2402.0,2402.0,2402.0,0
2022-05-06,2304.0,2497.5,2257.5,2497.5,270586
2022-05-11,2245.5,2349.0,2187.0,2304.0,221358
2022-05-12,2032.0,2259.0,2013.5,2249.5,250238
2022-05-13,2130.0,2183.0,2045.0,2052.0,254467
2022-05-16,2185.0,2229.0,2133.0,2147.0,202575
2022-05-17,2380.0,2380.0,2190.5,2247.5,246823
2022-05-18,2402.0,2549.5,2360.0,2432.0,475508
2022-05-19,2236.5,2400.0,2205.0,2400.0,325695
2022-05-20,2236.5,2236.5,2236.5,2236.5,0
2022-05-23,2236.5,2236.5,2236.5,2236.5,0
2022-05-24,2236.5,2236.5,2236.5,2236.5,0
