Date,SBER.ME,VTBR.ME,TCSG.ME
2019-10-29,207.5046539306641,691.4124755859375,1219.064453125
2019-10-30,206.9861297607422,698.4774780273438,1216.265869140625
2019-10-31,202.99349975585935,691.8941650390625,1215.2664794921875
2019-11-01,204.2984619140625,692.8576049804688,1213.2677001953125
2019-11-05,206.13922119140625,706.9877319335938,1197.2774658203125
2019-11-06,206.56268310546875,709.7174072265625,1209.0703125
2019-11-07,209.57012939453125,711.3231201171875,1225.060546875
2019-11-08,207.5565185546875,738.6199340820312,1220.46337890625
2019-11-11,208.70591735839844,753.8740234375,1221.2630615234375
2019-11-12,207.29725646972656,754.6768798828125,1234.854736328125
2019-11-13,204.99847412109372,759.9756469726562,1238.65234375
2019-11-14,205.24908447265625,755.8009033203125,1260.439208984375
2019-11-15,207.40960693359372,753.392333984375,1249.2459716796875
2019-11-18,205.20587158203125,741.831298828125,1252.244140625
2019-11-19,206.76144409179688,746.0060424804688,1240.25146484375
2019-11-20,205.49107360839844,738.6199340820312,1215.066650390625
2019-11-21,204.9466094970703,738.6199340820312,1210.06982421875
2019-11-22,205.7935333251953,741.6707763671875,1201.2750244140625
2019-11-25,205.6638946533203,742.6341552734375,1205.2724609375
2019-11-26,203.08856201171875,736.693115234375,1197.0775146484375
2019-11-27,202.41448974609372,735.4085693359375,1202.2744140625
2019-11-28,203.26141357421875,729.4674682617188,1193.4794921875
2019-11-29,202.2070770263672,727.8617553710938,1185.084716796875
2019-12-02,202.0255889892578,721.2784423828125,1175.290771484375
2019-12-03,199.33792114257807,710.520263671875,1132.316650390625
2019-12-04,200.14161682128903,716.1401977539062,1139.3123779296875
2019-12-05,200.24533081054688,718.0670166015625,1167.095703125
2019-12-06,203.2095489501953,727.058837890625,1185.484619140625
2019-12-09,204.8515472412109,729.78857421875,1227.6590576171875
2019-12-10,205.6034240722656,725.2926635742188,1238.0528564453125
2019-12-11,207.68614196777344,727.5406494140625,1234.05517578125
2019-12-12,208.3170166015625,728.3434448242188,1234.2550048828125
2019-12-13,208.45530700683597,744.2398071289062,1256.441650390625
2019-12-16,208.6626892089844,746.8089599609375,1299.2158203125
2019-12-17,208.79234313964844,747.451171875,1298.816162109375
2019-12-18,212.7676696777344,753.392333984375,1321.602294921875
2019-12-19,210.86643981933597,746.969482421875,1339.191650390625
2019-12-20,211.4800262451172,743.43701171875,1284.824462890625
2019-12-23,215.0146331787109,746.8089599609375,1303.8131103515625
2019-12-24,214.9022674560547,744.2398071289062,1309.2098388671875
2019-12-25,214.3578186035156,738.2987060546875,1313.0074462890625
2019-12-26,214.5306701660156,738.6199340820312,1304.2127685546875
2019-12-27,217.8319396972656,736.693115234375,1307.810791015625
2019-12-30,220.1566467285156,737.0142211914062,1310.4090576171875
2020-01-03,220.3726959228516,742.4735717773438,1331.596435546875
2020-01-06,219.4220733642578,740.3861694335938,1322.0020751953125
2020-01-08,223.9591522216797,747.130126953125,1349.3856201171875
2020-01-09,222.9566802978516,755.96142578125,1365.9754638671875
2020-01-10,223.1295166015625,764.31103515625,1397.5565185546875
2020-01-13,226.767822265625,771.697265625,1425.5396728515625
2020-01-14,223.8727264404297,758.8517456054688,1425.5396728515625
2020-01-15,221.5048065185547,751.6260375976562,1452.9232177734375
2020-01-16,222.5418701171875,768.004150390625,1451.124267578125
2020-01-17,226.854248046875,771.3760375976562,1464.316162109375
2020-01-20,230.12094116210935,771.0549926757812,1472.3114013671875
2020-01-21,231.65924072265625,799.796875,1447.1265869140625
2020-01-22,230.34564208984372,786.30908203125,1443.9287109375
2020-01-23,227.917236328125,778.7623291015625,1435.53369140625
2020-01-24,229.43821716308597,770.7338256835938,1436.5330810546875
2020-01-27,220.64926147460935,751.78662109375,1398.3560791015625
2020-01-28,222.70606994628903,757.8883056640625,1449.1253662109375
2020-01-29,224.64187622070312,763.3475952148438,1467.114501953125
2020-01-30,222.36900329589844,755.4796752929688,1485.303466796875
2020-01-31,217.9529266357422,745.042724609375,1514.086181640625
2020-02-03,219.49986267089844,741.0284423828125,1544.0679931640625
2020-02-04,220.7183837890625,758.8517456054688,1589.4407958984375
2020-02-05,220.5455474853516,765.5956420898438,1634.213623046875
2020-02-06,217.87515258789065,772.0184326171875,1644.20751953125
2020-02-07,219.76776123046875,772.178955078125,1660.9974365234375
2020-02-10,218.0047607421875,761.0996704101562,1669.59228515625
2020-02-11,219.9405975341797,761.7418823242188,1683.7838134765625
2020-02-12,219.9405975341797,768.6464233398438,1670.5916748046875
2020-02-13,219.41342163085935,770.7338256835938,1656.800048828125
2020-02-14,217.56402587890625,768.9675903320312,1649.0047607421875
2020-02-17,217.22698974609372,772.3394775390625,1609.2286376953125
2020-02-18,215.36029052734372,758.048828125,1603.0325927734375
2020-02-19,215.7924041748047,762.2236328125,1623.81982421875
2020-02-20,216.1812896728516,762.8659057617188,1643.4080810546875
2020-02-21,216.74302673339844,770.091552734375,1630.61572265625
2020-02-25,211.89483642578125,759.4939575195312,1589.6407470703125
2020-02-26,216.74302673339844,758.3699951171875,1594.23779296875
2020-02-27,209.8985290527344,728.8251953125,1550.064453125
2020-02-28,201.67127990722656,695.7478637695312,1473.310791015625
2020-03-02,197.18603515625,690.4490356445312,1436.5330810546875
2020-03-03,204.49722290039065,694.6238403320312,1418.7437744140625
2020-03-04,203.3218994140625,693.0181274414062,1453.522705078125
2020-03-05,200.78114318847656,691.572998046875,1481.10595703125
2020-03-06,190.1168212890625,661.8676147460938,1115.926513671875
2020-03-10,173.8783721923828,601.3329467773438,1130.31787109375
2020-03-11,168.1141357421875,583.830810546875,1166.4959716796875
2020-03-12,152.02259826660156,499.69244384765625,960.0205078125
2020-03-13,171.63145446777344,507.0786437988281,1044.3697509765625
2020-03-16,171.63145446777344,507.0786437988281,1044.3697509765625
2020-03-17,159.02267456054688,477.5338439941406,934.0362548828124
2020-03-18,150.6053009033203,451.84271240234375,873.27294921875
2020-03-19,163.7758026123047,490.8611145019531,933.4366455078124
2020-03-20,169.11660766601562,505.7940979003906,986.4047241210938
2020-03-23,158.46957397460938,507.3997192382813,923.6425170898438
2020-03-24,166.48077392578125,527.9526977539062,951.0260009765624
2020-03-25,162.5399932861328,526.6680908203125,959.8207397460938
2020-03-26,162.53135681152344,521.8510131835938,939.638427734375
2020-03-27,155.88560485839844,499.3712768554688,881.6607666015625
2020-03-30,158.14981079101562,508.20257568359375,831.4800415039062
2020-03-31,161.7881317138672,523.4567260742188,899.6538696289062
2020-04-01,159.6881103515625,514.3042602539062,860.4689331054688
2020-04-02,161.5634307861328,516.7128295898438,834.6788330078125
2020-04-03,160.43133544921875,515.1071166992188,861.6683959960938
2020-04-06,164.80421447753906,540.6376953125,949.6345825195312
2020-04-07,170.7931671142578,551.8775634765625,955.8322143554688
2020-04-08,173.09194946289062,561.993408203125,958.631103515625
2020-04-09,175.96112060546875,584.4732055664062,930.641845703125
2020-04-10,174.5611114501953,587.5239868164062,940.2382202148438
2020-04-13,171.33761596679688,576.4447021484375,912.049072265625
2020-04-14,170.56846618652344,568.7373046875,939.638427734375
2020-04-15,160.80294799804688,533.7332153320312,912.8488159179688
2020-04-16,162.9029541015625,545.9365234375,890.6572875976562
2020-04-17,165.7548370361328,550.7535400390625,894.65576171875
2020-04-20,163.6116180419922,542.8856811523438,874.6634521484375
2020-04-21,160.78564453125,531.4852294921875,842.6757202148438
2020-04-22,164.37210083007812,545.9365234375,857.6700439453125
2020-04-23,165.01162719726562,550.2718505859375,874.6634521484375
2020-04-24,163.2572784423828,541.2799072265625,903.6522827148438
2020-04-27,163.24864196777344,544.3307495117188,939.638427734375
2020-04-28,166.61904907226562,553.9649047851562,998.61572265625
2020-04-29,169.211669921875,565.204833984375,1024.6058349609375
2020-04-30,170.4647674560547,560.3876953125,1024.6058349609375
2020-05-04,167.38818359375,559.7454223632812,1019.6077270507812
2020-05-05,168.3042449951172,569.7007446289062,1023.6061401367188
2020-05-06,169.125244140625,566.9710693359375,1014.4096069335938
2020-05-07,168.96104431152344,570.5036010742188,1036.2012939453125
2020-05-08,169.40179443359375,568.0950317382812,1038.0006103515625
2020-05-12,165.40914916992188,565.0442504882812,1042.598876953125
2020-05-13,161.8745574951172,549.3084106445312,1040.3997802734375
2020-05-14,158.84982299804688,550.9140625,1049.1962890625
2020-05-15,158.8843994140625,549.468994140625,1069.5885009765625
2020-05-18,163.27456665039062,561.8328857421875,1081.583740234375
2020-05-19,163.33505249023438,559.2637329101562,1102.3759765625
2020-05-20,167.6387939453125,565.3653564453125,1143.7598876953125
2020-05-21,166.2733612060547,561.3511352539062,1166.7509765625
2020-05-22,163.24864196777344,556.694580078125,1184.1444091796875
2020-05-25,165.0634765625,562.1539916992188,1212.5335693359375
2020-05-26,167.65609741210938,563.59912109375,1220.730224609375
2020-05-27,171.5536651611328,568.255615234375,1245.3209228515625
2020-05-28,177.16236877441406,577.568603515625,1272.853271484375
2020-05-29,173.2734375,583.0280151367188,1252.6588134765625
2020-06-01,176.00433349609375,588.3267822265625,1203.4722900390625
2020-06-02,183.21180725097656,596.99755859375,1258.2572021484375
2020-06-03,191.4217834472656,609.8432006835938,1235.2635498046875
2020-06-04,184.16244506835935,596.5158081054688,1214.669189453125
2020-06-05,189.34768676757807,603.7415161132812,1222.067138671875
2020-06-08,190.38473510742188,605.3472290039062,1246.46044921875
2020-06-09,187.7316131591797,605.3472290039062,1213.66943359375
2020-06-10,183.6698455810547,603.4203491210938,1210.8701171875
2020-06-11,180.05746459960938,590.0930786132812,1204.671875
2020-06-15,179.16732788085938,591.6987915039062,1249.65966796875
2020-06-16,179.54757690429688,592.1805419921875,1312.442626953125
2020-06-17,179.8759765625,586.078857421875,1309.2432861328125
2020-06-18,176.09939575195312,576.4447021484375,1334.636474609375
2020-06-19,178.89077758789062,566.168212890625,1335.036376953125
2020-06-22,177.9747314453125,569.3795776367188,1368.627197265625
2020-06-23,179.24510192871094,571.6275634765625,1435.8089599609375
2020-06-25,177.55125427246094,568.8978881835938,1457.003173828125
2020-06-26,175.7537078857422,565.204833984375,1461.8018798828125
2020-06-29,177.3611297607422,568.4161987304688,1457.6029052734375
2020-06-30,175.49444580078125,562.6356811523438,1437.2086181640625
2020-07-02,181.13772583007807,568.4161987304688,1446.60595703125
2020-07-03,182.0797119140625,571.1458740234375,1455.603515625
2020-07-06,185.2945556640625,576.9263916015625,1503.390625
2020-07-07,182.97848510742188,574.5178833007812,1489.59423828125
2020-07-08,181.3537750244141,568.4161987304688,1459.6025390625
2020-07-09,180.56735229492188,563.59912109375,1469.7996826171875
2020-07-10,183.3414459228516,564.8836059570312,1503.9903564453125
2020-07-13,181.526611328125,564.8836059570312,1540.180419921875
2020-07-14,180.51548767089844,558.7820434570312,1531.182861328125
2020-07-15,181.91549682617188,560.0665893554688,1582.5689697265625
2020-07-16,182.9352569580078,557.9791870117188,1615.3599853515625
2020-07-17,182.1488494873047,558.9425659179688,1655.34912109375
2020-07-20,183.7649078369141,590.4141845703125,1660.7476806640625
2020-07-21,186.84149169921875,610.1642456054688,1722.1309814453125
2020-07-22,187.5501251220703,608.3980102539062,1769.51806640625
2020-07-23,187.4464111328125,605.9894409179688,1755.5218505859375
2020-07-24,186.3661651611328,608.076904296875,1775.3165283203125
2020-07-27,186.66864013671875,624.4549560546875,1832.301025390625
2020-07-28,186.72048950195312,623.9732666015625,1804.1085205078125
2020-07-29,188.78594970703125,629.2720947265625,1817.5048828125
2020-07-30,187.7834625244141,616.1053466796875,1777.715576171875
2020-07-31,190.81683349609372,620.1195678710938,1869.0908203125
2020-08-03,196.08848571777344,640.0302124023438,1888.485595703125
2020-08-04,196.1662750244141,648.700927734375,1883.8868408203125
2020-08-05,195.51812744140625,617.87158203125,1913.2789306640625
2020-08-06,194.65391540527344,608.3980102539062,1938.671875
2020-08-07,196.01071166992188,589.1296997070312,1914.6783447265625
2020-08-10,194.7230529785156,587.6845703125,1815.3055419921875
2020-08-11,202.4317779541016,597.9609375,1804.508544921875
2020-08-12,207.6688690185547,602.29638671875,1765.51904296875
2020-08-13,209.0775146484375,605.1865844726562,1768.5184326171875
2020-08-14,207.0639190673828,605.8289184570312,1706.93505859375
2020-08-17,204.99847412109372,603.4203491210938,1780.3150634765625
2020-08-18,204.08241271972656,600.3695678710938,1782.114501953125
2020-08-19,207.0725555419922,602.6174926757812,1845.697265625
2020-08-20,199.89100646972656,591.217041015625,1826.1004638671875
2020-08-21,199.9342193603516,583.34912109375,1878.69189453125
2020-08-24,199.7181701660156,582.5463256835938,1926.6839599609373
2020-08-25,196.50331115722656,574.1966552734375,1994.2728271484373
2020-08-26,196.9095001220703,578.5320434570312,1989.2735595703125
2020-08-27,196.05392456054688,580.1377563476562,1922.6845703125
2020-08-28,195.4835357666016,575.4812622070312,1835.8988037109373
2020-08-31,195.13787841796875,567.77392578125,1906.8870849609373
2020-09-01,196.41688537597656,577.8898315429688,1814.3023681640625
2020-09-02,192.31190490722656,569.2190551757812,1840.697998046875
2020-09-03,189.43411254882807,565.6864624023438,1802.7042236328125
2020-09-04,190.5662078857422,566.168212890625,1799.7047119140625
2020-09-07,190.98968505859372,564.7230834960938,1886.29052734375
2020-09-08,188.45755004882807,557.6580200195312,1840.89794921875
2020-09-09,188.3970642089844,562.47509765625,1840.697998046875
2020-09-10,191.84524536132807,566.3287963867188,1829.0999755859373
2020-09-11,190.9032440185547,567.6133422851562,1810.7030029296875
2020-09-14,196.05392456054688,573.2332763671875,1831.8994140625
2020-09-15,199.8391571044922,579.816650390625,1907.886962890625
2020-09-16,199.80458068847656,575.6417846679688,1962.278076171875
2020-09-17,200.0638427734375,573.2332763671875,1973.476318359375
2020-09-18,198.71568298339844,569.7007446289062,1998.0721435546875
2020-09-21,194.78353881835935,558.6214599609375,1940.28173828125
2020-09-22,196.79714965820312,551.7169799804688,1991.0733642578125
2020-09-23,197.142822265625,552.0380859375,2096.05615234375
2020-09-24,197.38479614257807,549.468994140625,2030.8668212890625
2020-09-25,197.09962463378903,548.3450317382812,2033.8662109375
2020-09-28,197.5662841796875,553.8043823242188,2067.060791015625
2020-09-29,194.3255157470703,554.7677612304688,2064.661376953125
2020-09-30,197.6094970703125,555.0889282226562,2053.6630859375
2020-10-01,197.00454711914065,549.468994140625,2011.469970703125
2020-10-02,196.2608337402344,-4.846677780151367,2010.0703125
2020-10-05,196.53384399414065,-4.836637496948242,2004.671142578125
2020-10-06,199.65940856933597,-4.872496128082275,1991.0733642578125
2020-10-07,198.06837463378903,-4.770657062530518,1956.87890625
2020-10-08,195.7901153564453,-4.789303779602051,1938.681884765625
2020-10-09,194.3026428222656,-4.769222736358643,1991.6732177734373
2020-10-12,194.04844665527344,-4.760616779327393,1887.89013671875
2020-10-13,193.1258544921875,-4.730494976043701,1846.697021484375
2020-10-14,195.2817230224609,-4.760616779327393,1907.6871337890625
2020-10-15,195.2817230224609,-4.760616779327393,1907.6871337890625
2020-10-16,195.2817230224609,-4.760616779327393,1907.6871337890625
2020-10-19,191.62896728515625,-4.568413257598877,1767.110107421875
2020-10-20,196.86334228515625,-4.85671854019165,1689.7227783203125
2020-10-21,197.9836578369141,-4.793606758117676,1734.115478515625
2020-10-22,197.01397705078125,-4.972900867462158,1783.7073974609375
2020-10-23,201.23159790039065,-4.988678455352783,1817.3018798828125
2020-10-26,199.46170043945312,-4.896880149841309,1874.0926513671875
2020-10-27,195.7241973876953,-4.803647041320801,1992.2730712890625
2020-10-28,194.3402862548828,-4.650171279907227,1917.08544921875
2020-10-29,192.68338012695312,-4.697504997253418,1901.887939453125
2020-10-30,189.3130340576172,-4.684596061706543,1885.8905029296875
2020-11-02,192.1373443603516,-4.698939800262451,1964.077880859375
2020-11-03,198.17193603515625,-4.721889019012451,2015.66943359375
2020-11-05,204.5830993652344,-4.813687801361084,2109.853759765625
2020-11-06,204.3477478027344,-4.820859909057617,2160.045654296875
2020-11-09,216.32278442382807,-4.916960716247559,2142.448486328125
2020-11-10,222.91282653808597,-4.967163562774658,2152.64697265625
2020-11-11,230.3219146728516,-4.934173583984375,2291.02392578125
2020-11-12,230.01126098632807,-5.189488410949707,2239.632568359375
2020-11-13,226.9327545166016,-5.249731063842773,2323.81884765625
2020-11-16,233.0332489013672,-5.331489086151123,2278.226318359375
2020-11-17,231.02798461914065,-5.199528694152832,2294.62353515625
2020-11-18,230.3878173828125,-5.195225238800049,2327.6181640625
2020-11-19,225.0498962402344,-5.155063629150391,2260.8291015625
2020-11-20,223.9484100341797,-5.22247838973999,2268.227783203125
2020-11-23,224.7298126220703,-5.218175411224365,2208.03759765625
2020-11-24,231.7058258056641,-5.266943454742432,2190.04052734375
2020-11-25,235.697509765625,-5.258337020874023,2300.62255859375
2020-11-26,236.1682281494141,-5.31571102142334,2237.47607421875
2020-11-27,236.34710693359372,-5.423287868499756,2288.473388671875
2020-11-30,235.3585968017578,-5.332923412322998,2354.26953125
2020-12-01,244.2645568847656,-5.3974690437316895,2372.86865234375
2020-12-02,248.7834625244141,-5.437631130218506,2416.666259765625
2020-12-03,248.26565551757807,-5.3902974128723145,2364.46923828125
2020-12-04,253.62242126464844,-5.439065456390381,2442.2646484375
2020-12-07,259.0356750488281,-5.4017720222473145,2376.868408203125
2020-12-08,259.4216613769531,-5.368782043457031,2341.0703125
2020-12-09,261.7375793457031,-5.3673481941223145,2477.2626953125
2020-12-10,264.4300842285156,-5.459146022796631,2412.866455078125
2020-12-11,266.83074951171875,-5.429025173187256,2261.6748046875
2020-12-14,263.0179443359375,-5.439065456390381,2307.872314453125
2020-12-15,260.96563720703125,-5.417550086975098,2384.66796875
2020-12-16,261.90704345703125,-5.473489761352539,2429.865478515625
2020-12-17,261.83172607421875,-5.473489761352539,2450.8642578125
2020-12-18,254.46969604492188,-5.474924087524414,2454.6640625
2020-12-21,244.8482360839844,-5.327186107635498,2330.870849609375
2020-12-22,247.474853515625,-5.360176086425781,2378.468505859375
2020-12-23,253.31175231933597,-5.454843044281006,2361.869140625
2020-12-24,253.10464477539065,-5.420419216156006,2357.869384765625
2020-12-25,254.84629821777344,-5.456277847290039,2336.2705078125
2020-12-28,258.45196533203125,-5.453409194946289,2360.66943359375
2020-12-29,256.5785217285156,-5.426156044006348,2379.8681640625
2020-12-30,254.8086395263672,-5.407509803771973,2369.86865234375
2021-01-04,258.5932006835937,-5.464883804321289,2499.0615234375
2021-01-05,257.5011291503906,-5.499308109283447,2439.465087890625
2021-01-06,257.8871154785156,-5.515086174011231,2453.064208984375
2021-01-08,257.8871154785156,-5.515086174011231,2453.064208984375
2021-01-11,271.65087890625,-5.677167892456055,2947.836669921875
2021-01-12,271.4343566894531,-5.751754760742188,2890.43994140625
2021-01-13,267.00018310546875,-5.691511631011963,2853.241943359375
2021-01-14,267.5462341308594,-5.720198631286621,3020.03271484375
2021-01-15,260.6549377441406,-5.701551914215088,3260.619384765625
2021-01-18,263.413330078125,-5.602581977844238,3359.2138671875
2021-01-19,260.44781494140625,-5.543773174285889,3216.82177734375
2021-01-20,262.2459716796875,-5.556682586669922,3106.827880859375
2021-01-21,258.9226989746094,-5.439065456390381,3009.63330078125
2021-01-22,252.21026611328125,-5.3630452156066895,3023.032470703125
2021-01-25,248.10562133789065,-5.38312578201294,3059.630615234375
2021-01-26,252.2479248046875,-5.396035194396973,3033.43212890625
2021-01-27,251.08056640625,-5.334358215332031,3018.03271484375
2021-01-28,249.89434814453125,-5.317145347595215,3067.630126953125
2021-01-29,243.39845275878903,-5.259771347045898,3125.226806640625
2021-02-01,246.91940307617188,-5.274115085601807,3213.02197265625
2021-02-02,251.12762451171875,-5.354438781738281,3205.822509765625
2021-02-03,246.5616607666016,-5.281286239624023,3225.8212890625
2021-02-04,252.6244964599609,-5.345832347869873,3179.823974609375
2021-02-05,255.3828887939453,-5.433328151702881,3226.621337890625
2021-02-08,259.2616271972656,-5.479227066040039,3350.814453125
2021-02-09,252.22911071777344,-5.413247108459473,3474.8076171875
2021-02-10,250.88284301757807,-5.370216369628906,3545.20361328125
2021-02-11,249.61192321777344,-5.400338172912598,3507.005859375
2021-02-12,249.38595581054688,-5.37165117263794,3531.6044921875
2021-02-15,255.03456115722656,-5.467752933502197,3558.403076171875
2021-02-16,254.88394165039065,-5.421853065490723,3746.79248046875
2021-02-17,253.1328887939453,-5.373085021972656,3872.185546875
2021-02-18,251.87136840820312,-5.28989315032959,3867.185791015625
2021-02-19,255.92893981933597,-5.345832347869873,4040.37646484375
2021-02-22,257.0115966796875,-5.351570129394531,4147.17041015625
2021-02-24,255.0439910888672,-5.344398021697998,3743.192626953125
2021-02-25,258.6590881347656,-5.404641151428223,3943.781494140625
2021-02-26,254.29083251953125,-5.311408042907715,3827.588134765625
2021-03-01,258.0754089355469,-5.364479064941406,3884.784912109375
2021-03-02,262.6601867675781,-5.3802571296691895,3809.989013671875
2021-03-03,262.7166748046875,-5.3788228034973145,3832.387939453125
2021-03-04,263.949951171875,-5.398903846740723,3798.989501953125
2021-03-05,258.8567810058594,-5.351570129394531,3820.388427734375
2021-03-09,268.2617492675781,-5.493570804595947,3715.794189453125
2021-03-10,265.4656677246094,-5.479227066040039,3741.192626953125
2021-03-11,268.98663330078125,-5.476358890533447,3934.18212890625
2021-03-12,268.92071533203125,-5.477793216705322,4309.76123046875
2021-03-15,274.2962951660156,-5.507914543151856,4279.36328125
2021-03-16,276.1415405273437,-5.57389497756958,4490.3515625
2021-03-17,264.91961669921875,-5.467752933502197,4439.75390625
2021-03-18,266.567138671875,-5.479227066040039,4359.55859375
2021-03-19,267.6497802734375,-5.414681434631348,4282.7626953125
2021-03-22,272.272216796875,-5.479227066040039,4422.7548828125
2021-03-23,266.3788757324219,-5.459146022796631,4322.7607421875
2021-03-24,270.15399169921875,-5.474924087524414,4335.15966796875
2021-03-25,268.8548278808594,-5.426156044006348,4318.2001953125
2021-03-26,272.06512451171875,-5.483530044555664,4294.0
2021-03-29,275.8873291015625,-5.545207977294922,4340.7998046875
2021-03-30,276.2639465332031,-5.701551914215088,4511.0
2021-03-31,274.22100830078125,-6.100302219390869,4406.0
2021-04-01,272.4605407714844,-6.106039524078369,4530.60009765625
2021-04-02,274.7481994628906,-6.143332958221436,4720.2001953125
2021-04-05,271.9992370605469,-6.349879741668701,4734.60009765625
2021-04-06,265.5409851074219,-6.210747241973877,4728.0
2021-04-07,265.8516845703125,-6.299676895141602,4545.2001953125
2021-04-08,267.2261657714844,-6.33696985244751,4554.2001953125
2021-04-09,263.98760986328125,-6.248040199279785,4536.0
2021-04-12,265.2773742675781,-6.306849002838135,4562.60009765625
2021-04-13,269.2125549316406,-6.5076584815979,4463.7998046875
2021-04-14,271.1236877441406,-6.722811222076416,4365.0
2021-04-15,266.934326171875,-6.66256856918335,4358.39990234375
2021-04-16,271.82037353515625,-6.807438373565674,4599.0
2021-04-19,270.6058959960937,-6.691255569458008,4582.0
2021-04-20,270.8883056640625,-6.652527809143066,4404.7998046875
2021-04-21,271.5567626953125,-6.831821918487549,4280.2001953125
2021-04-22,275.57666015625,-6.89923620223999,4410.0
2021-04-23,275.8402709960937,-7.342451572418213,4472.0
2021-04-26,277.77020263671875,-7.401260375976562,4528.0
2021-04-27,280.40625,-7.376876354217529,4474.39990234375
2021-04-28,280.8016357421875,-7.214794158935547,4393.0
2021-04-29,279.1352844238281,-7.1430768966674805,4271.2001953125
2021-04-30,280.14263916015625,-7.374007225036621,4364.0
2021-05-04,284.37908935546875,-7.79570722579956,4427.7998046875
2021-05-05,287.8153076171875,-7.765585899353027,4458.60009765625
2021-05-06,294.61248779296875,-7.765585899353027,4507.39990234375
2021-05-07,299.31024169921875,-7.569079399108887,4528.0
2021-05-10,300.5999755859375,-7.31519889831543,4849.0
2021-05-11,306.2799987792969,-7.155985832214356,4847.2001953125
2021-05-12,302.0599975585937,-6.975257396697998,4658.60009765625
2021-05-13,306.3399963378906,-7.176066875457764,4712.2001953125
2021-05-14,303.239990234375,-7.217662811279297,4641.0
2021-05-17,303.29998779296875,-6.87915563583374,4524.7998046875
2021-05-18,304.4800109863281,-6.6654372215271,4654.2001953125
2021-05-19,297.4200134277344,-6.430202960968018,4579.7998046875
2021-05-20,296.8399963378906,-6.5980224609375,4638.60009765625
2021-05-21,301.5799865722656,-6.5191330909729,4735.39990234375
2021-05-24,300.07000732421875,-6.501920700073242,4753.2001953125
2021-05-25,306.8999938964844,-6.5248703956604,4798.2001953125
2021-05-26,306.3900146484375,-6.784488201141357,5114.7998046875
2021-05-27,313.1499938964844,-7.006813049316406,5553.39990234375
2021-05-28,310.0199890136719,-6.930792331695557,5493.0
2021-05-31,310.3900146484375,-6.986732006072998,5514.0
2021-06-01,311.2099914550781,-7.061318397521973,5463.2001953125
2021-06-02,313.44000244140625,-7.137339115142822,5310.0
2021-06-03,312.7699890136719,-7.072793006896973,5161.2001953125
2021-06-04,310.67999267578125,-6.985297679901123,5300.60009765625
2021-06-07,315.1099853515625,-7.006813049316406,5239.7998046875
2021-06-08,314.3999938964844,-7.135904788970947,5158.39990234375
2021-06-09,315.2699890136719,-7.32380485534668,5284.2001953125
2021-06-10,314.3699951171875,-7.199016571044922,5305.0
2021-06-11,313.1000061035156,-7.25065279006958,5718.0
2021-06-14,314.42999267578125,-7.184672832489014,5725.60009765625
2021-06-15,312.9800109863281,-7.051278114318848,5513.0
2021-06-16,312.989990234375,-6.953742027282715,5473.2001953125
2021-06-17,314.1400146484375,-6.973823070526123,5440.0
2021-06-18,309.8099975585937,-6.816044330596924,5735.0
2021-06-21,309.2300109863281,-6.922186374664307,5721.7998046875
2021-06-22,309.6499938964844,-6.88202428817749,5814.39990234375
2021-06-23,310.6199951171875,-6.926489353179932,5931.0
2021-06-24,310.4700012207031,-6.935095310211182,6132.7998046875
2021-06-25,311.79998779296875,-6.969520092010498,6126.2001953125
2021-06-28,309.57000732421875,-7.104349136352539,6135.39990234375
2021-06-29,305.4599914550781,-6.978126049041748,6215.0
2021-06-30,305.54998779296875,-6.962347984313965,6413.0
2021-07-01,305.29998779296875,-7.012550354003906,6336.0
2021-07-02,307.260009765625,-6.992469310760498,6403.7998046875
2021-07-05,307.1700134277344,-7.232006549835205,6584.7998046875
2021-07-06,302.7799987792969,-7.065621852874756,6734.0
2021-07-07,304.1300048828125,-7.091439723968506,6696.60009765625
2021-07-08,302.79998779296875,-6.96378231048584,6648.0
2021-07-09,303.8699951171875,-7.0168538093566895,6608.60009765625
2021-07-12,306.1400146484375,-7.0326313972473145,6770.7998046875
2021-07-13,303.70001220703125,-6.94657039642334,6475.60009765625
2021-07-14,302.04998779296875,0.0473200008273124,6269.60009765625
2021-07-15,301.9599914550781,0.047419998794794,6373.39990234375
2021-07-16,300.2099914550781,0.0474399998784065,6445.7998046875
2021-07-19,291.2099914550781,0.0459299981594085,6346.0
2021-07-20,295.95001220703125,0.0461300015449523,6441.60009765625
2021-07-21,294.92999267578125,0.0466700010001659,6489.0
2021-07-22,296.54998779296875,0.0467099994421005,6513.2001953125
2021-07-23,295.92999267578125,0.046739999204874,6508.0
2021-07-26,302.25,0.0464400015771389,6633.39990234375
2021-07-27,299.5,0.0462500005960464,6384.60009765625
2021-07-28,302.2699890136719,0.0478300005197525,6303.2001953125
2021-07-29,304.0299987792969,0.0483000017702579,6368.0
2021-07-30,306.0400085449219,0.048480000346899,6101.0
2021-08-02,307.3099975585937,0.0489800013601779,6216.39990234375
2021-08-03,309.5899963378906,0.0486400015652179,6390.0
2021-08-04,311.6099853515625,0.0490900017321109,6557.60009765625
2021-08-05,315.19000244140625,0.0499100014567375,6747.0
2021-08-06,319.6000061035156,0.0499499998986721,6762.2001953125
2021-08-09,326.9800109863281,0.0509499981999397,6939.7998046875
2021-08-10,329.6400146484375,0.05180000141263,7031.7998046875
2021-08-11,330.1000061035156,0.0528700016438961,7030.39990234375
2021-08-12,329.20001220703125,0.0521200001239776,7039.0
2021-08-13,328.70001220703125,0.0518600009381771,7039.0
2021-08-16,329.4200134277344,0.0523100011050701,7199.0
2021-08-17,334.9700012207031,0.0526500009000301,7401.60009765625
2021-08-18,337.79998779296875,0.0518499985337257,7267.0
2021-08-19,330.7900085449219,0.0503700003027915,6984.7998046875
2021-08-20,326.57000732421875,0.0507399998605251,6840.0
2021-08-23,328.95001220703125,0.0511399991810321,6915.60009765625
2021-08-24,324.2900085449219,0.0509600006043911,7028.0
2021-08-25,324.7900085449219,0.0511500015854835,7008.0
2021-08-26,322.8900146484375,0.0502599999308586,6757.60009765625
2021-08-27,326.7900085449219,0.0507399998605251,6637.2001953125
2021-08-30,328.5299987792969,0.0519500002264976,6590.2001953125
2021-08-31,328.1400146484375,0.0529699996113777,6473.2001953125
2021-09-01,334.5,0.0529499985277652,6854.0
2021-09-02,329.010009765625,0.0528299994766712,6984.60009765625
2021-09-03,329.70001220703125,0.0522300004959106,6994.60009765625
2021-09-06,329.5899963378906,0.0540399998426437,6993.39990234375
2021-09-07,325.54998779296875,0.0537699982523918,6906.7998046875
2021-09-08,332.6000061035156,0.0536400005221366,6704.7998046875
2021-09-09,327.4700012207031,0.0530700013041496,6785.0
2021-09-10,326.8999938964844,0.0523900017142295,6820.0
2021-09-13,326.7200012207031,0.0522900000214576,6777.0
2021-09-14,327.4800109863281,0.05163000151515,6640.0
2021-09-15,332.6700134277344,0.0518499985337257,6448.60009765625
2021-09-16,326.29998779296875,0.0514100007712841,6575.0
2021-09-17,330.9200134277344,0.0513699986040592,6779.60009765625
2021-09-20,327.04998779296875,0.0501799993216991,6730.39990234375
2021-09-21,323.9100036621094,0.050000000745058,6694.2001953125
2021-09-22,327.5400085449219,0.0504599995911121,6672.0
2021-09-23,326.5599975585937,0.0507600009441375,6674.2001953125
2021-09-24,325.3399963378906,0.0510299988090992,6550.0
2021-09-27,331.8599853515625,0.0520099997520446,6421.39990234375
2021-09-28,330.70001220703125,0.0511500015854835,6214.39990234375
2021-09-29,328.1000061035156,0.0508100017905235,6381.2001953125
2021-09-30,339.1400146484375,0.0517599992454052,6662.2001953125
2021-10-01,337.5899963378906,0.0511999987065792,6790.0
2021-10-04,346.8399963378906,0.0514799989759922,6661.0
2021-10-05,363.3800048828125,0.0536400005221366,6816.0
2021-10-06,362.55999755859375,0.0537399984896183,6959.60009765625
2021-10-07,369.010009765625,0.0543799996376037,7162.7998046875
2021-10-08,372.9700012207031,0.0544500015676021,7155.0
2021-10-11,387.2000122070313,0.0562900006771087,7190.0
2021-10-12,378.6099853515625,0.0557399988174438,7341.0
2021-10-13,380.2000122070313,0.0547799989581108,7594.39990234375
2021-10-14,376.489990234375,0.0551199987530708,7775.0
2021-10-15,370.8599853515625,0.0553499981760978,7812.39990234375
2021-10-18,365.3999938964844,0.0555300004780292,7729.39990234375
2021-10-19,371.6799926757813,0.0569700002670288,7770.39990234375
2021-10-20,371.2900085449219,0.0566999986767768,7848.0
2021-10-21,364.5899963378906,0.0549600012600421,7845.2001953125
2021-10-22,364.8299865722656,0.0547900013625621,7657.60009765625
2021-10-25,369.7300109863281,0.0557500012218952,7583.2001953125
2021-10-26,372.8399963378906,0.0559299997985363,7328.0
2021-10-27,372.7699890136719,0.0555600002408027,7250.60009765625
2021-10-28,363.9500122070313,0.0536300018429756,7341.2001953125
2021-10-29,355.70001220703125,0.0528599992394447,7290.2001953125
2021-11-01,370.3200073242188,0.0533699989318847,7769.0
2021-11-02,371.2000122070313,0.0529499985277652,7875.60009765625
2021-11-03,367.9599914550781,0.0524200014770031,7862.2001953125
2021-11-05,359.94000244140625,0.0525199994444847,8023.7998046875
2021-11-08,358.8500061035156,0.0523900017142295,8323.400390625
2021-11-09,356.9200134277344,0.0513699986040592,7965.0
2021-11-10,353.1000061035156,0.050670001655817,7654.0
2021-11-11,357.1000061035156,0.0511699989438056,7415.0
2021-11-12,349.510009765625,0.0504599995911121,7305.60009765625
2021-11-15,344.5899963378906,0.0517299994826316,7436.7998046875
2021-11-16,338.7200012207031,0.0510899983346462,7410.60009765625
2021-11-17,339.3999938964844,0.0516000017523765,7250.0
2021-11-18,335.9100036621094,0.0510599985718727,7434.0
2021-11-19,327.25,0.050510000437498,7069.39990234375
2021-11-22,309.95001220703125,0.049040000885725,6672.2001953125
2021-11-23,324.1000061035156,0.0495099984109401,6991.39990234375
2021-11-24,320.2200012207031,0.0493099987506866,6866.2001953125
2021-11-25,317.8800048828125,0.0487699992954731,7228.0
2021-11-26,305.20001220703125,0.0471699982881546,6832.7998046875
2021-11-29,316.6400146484375,0.0472999997437,6964.0
2021-11-30,315.6600036621094,0.0476499982178211,7141.39990234375
2021-12-01,328.8599853515625,0.0484599992632865,7453.7998046875
2021-12-02,326.2900085449219,0.0488400012254715,7223.0
2021-12-03,320.70001220703125,0.0484599992632865,7274.60009765625
2021-12-06,305.5400085449219,0.0478000007569789,6661.7998046875
2021-12-07,307.70001220703125,0.0476199984550476,6497.2001953125
2021-12-08,293.989990234375,0.0470100007951259,6223.39990234375
2021-12-09,302.3900146484375,0.047249998897314,6315.39990234375
2021-12-10,295.94000244140625,0.0460200011730194,6299.2001953125
2021-12-13,281.3099975585937,0.0435900017619133,5941.60009765625
2021-12-14,282.25,0.0439300015568733,5920.7998046875
2021-12-15,281.29998779296875,0.0438500009477138,6026.39990234375
2021-12-16,297.45001220703125,0.0464400015771389,6160.0
2021-12-17,296.0599975585937,0.0469000004231929,6103.0
2021-12-20,287.25,0.0461100004613399,6003.60009765625
2021-12-21,290.67999267578125,0.0470499992370605,6058.39990234375
2021-12-22,295.29998779296875,0.04797999933362,6023.0
2021-12-23,293.989990234375,0.0471099987626075,5961.0
2021-12-24,293.6199951171875,0.0471000000834465,6011.7998046875
2021-12-27,295.0,0.04780999943614,5985.60009765625
2021-12-28,295.5299987792969,0.048259999603033,6094.39990234375
2021-12-29,293.0,0.048089999705553,5926.7998046875
2021-12-30,293.489990234375,0.048200000077486,6112.7998046875
2022-01-03,302.8500061035156,0.0492600016295909,6342.39990234375
2022-01-04,304.5,0.049660000950098,6243.39990234375
2022-01-05,297.260009765625,0.0486599989235401,6017.7998046875
2022-01-06,292.9100036621094,0.0481600016355514,5815.0
2022-01-10,290.260009765625,0.0485300011932849,5810.60009765625
2022-01-11,290.5899963378906,0.0499700009822845,5930.39990234375
2022-01-12,289.3299865722656,0.0500900000333786,6165.0
2022-01-13,272.8999938964844,0.047249998897314,5860.2001953125
2022-01-14,254.58999633789065,0.0454800017178058,5452.0
2022-01-17,257.1000061035156,0.0464800000190734,5293.0
2022-01-18,257.1000061035156,0.0464800000190734,5293.0
2022-01-19,241.38999938964844,0.044939998537302,4668.39990234375
2022-01-20,260.0,0.0462599992752075,4929.60009765625
2022-01-21,246.8500061035156,0.0445000007748603,4866.39990234375
2022-01-24,234.82000732421875,0.0410000011324882,4515.39990234375
2022-01-25,231.6999969482422,0.0410800017416477,4821.7998046875
2022-01-26,239.27999877929688,0.0416599996387958,5127.0
2022-01-27,253.0,0.0428499989211559,5427.0
2022-01-28,257.2799987792969,0.0435499995946884,5499.0
2022-01-31,257.2799987792969,0.0435499995946884,5499.0
2022-02-01,262.6000061035156,0.0427099987864494,5644.5
2022-02-02,258.6400146484375,0.0421199984848499,5542.5
2022-02-03,252.7100067138672,0.0414200015366077,5216.0
2022-02-04,254.22000122070312,0.0409100018441677,5116.5
2022-02-07,256.69000244140625,0.0409200005233287,5000.0
2022-02-08,269.04998779296875,0.0417000018060207,4963.5
2022-02-09,279.3699951171875,0.0430000014603138,5670.0
2022-02-10,278.8999938964844,0.0421999990940094,5980.0
2022-02-11,266.6000061035156,0.0410800017416477,5400.0
2022-02-14,255.6699981689453,0.0400400012731552,5177.0
2022-02-15,270.2099914550781,0.0413100011646747,5431.0
2022-02-16,277.489990234375,0.0427000001072883,5425.0
2022-02-17,261.04998779296875,0.0413900017738342,5165.0
2022-02-18,249.0,0.0395799987018108,4822.0
2022-02-21,208.0,0.0324999988079071,4565.5
2022-02-22,211.0,0.0339699983596801,4505.0
2022-02-24,112.5,0.0197000000625848,2422.0
2022-02-25,130.5,0.0197299998253583,3400.0
2022-03-24,136.24000549316406,0.0189999993890523,3400.0
2022-03-25,131.5,0.0175000000745058,3400.0
2022-03-28,125.0,0.0168500002473592,3400.0
2022-03-29,128.77000427246094,0.016499999910593,2990.0
2022-03-30,134.60000610351562,0.0171600002795457,2980.0
2022-03-31,143.69000244140625,0.0197999998927116,3318.5
2022-04-01,154.5,0.0225000008940696,3499.5
2022-04-04,154.5,0.0251000002026557,3664.0
2022-04-05,154.10000610351562,0.0230800006538629,3601.0
2022-04-06,141.60000610351562,0.0219500008970499,3500.0
2022-04-07,147.5,0.0219500008970499,3470.0
2022-04-08,143.72000122070312,0.0219500008970499,3274.5
2022-04-11,138.69000244140625,0.0215000007301569,3269.0
2022-04-12,135.3800048828125,0.0211100000888109,3217.0
2022-04-13,135.5,0.0211399998515844,3172.0
2022-04-14,129.0500030517578,0.0199400000274181,3010.0
2022-04-15,130.8800048828125,0.0201299991458654,2993.0
2022-04-18,123.8499984741211,0.0190299991518259,2722.0
2022-04-19,120.3000030517578,0.0186999998986721,2540.0
2022-04-20,121.5,0.0193000007420778,2590.0
2022-04-21,121.5,0.0193000007420778,2590.0
2022-04-22,116.97000122070312,0.018810000270605,2270.0
2022-04-25,116.97000122070312,0.018810000270605,1908.0
2022-04-26,122.36000061035156,0.0191300008445978,2073.0
2022-04-27,131.11000061035156,0.0198999997228384,2520.0
2022-04-28,123.8499984741211,0.0191200003027915,2700.0
2022-04-29,128.8000030517578,0.0200999993830919,2608.0
2022-05-04,123.1999969482422,0.0195899996906518,2402.0
2022-05-05,124.8000030517578,0.0195899996906518,2402.0
2022-05-06,123.0999984741211,0.0194799993187189,2304.0
2022-05-11,123.33999633789062,0.0193099994212389,2245.5
2022-05-12,119.1500015258789,0.0185599997639656,2032.0
2022-05-13,120.1999969482422,0.0186500009149312,2130.0
2022-05-16,120.1999969482422,0.0186500009149312,2185.0
2022-05-17,127.75,0.0193300005048513,2380.0
2022-05-18,125.12000274658205,0.019200000911951,2402.0
2022-05-19,125.5999984741211,0.0191699992865324,2236.5
2022-05-20,125.5999984741211,0.0191699992865324,2236.5
2022-05-23,125.5999984741211,0.0191699992865324,2236.5
2022-05-24,125.5999984741211,0.0191699992865324,2236.5
