Date,NLMK.ME,GMKN.ME,CHMF.ME
2015-11-20,33.44969177246094,9591.611328125,299.2630310058594
2015-11-23,33.69144058227539,9434.5673828125,298.4104309082031
2015-11-24,32.68260955810547,9287.4599609375,289.2348327636719
2015-11-25,32.961551666259766,9369.958984375,290.3716735839844
2015-11-26,33.166107177734375,9333.181640625,293.1324462890625
2015-11-27,32.95224380493164,9164.212890625,288.5040283203125
2015-11-30,32.58032989501953,8866.02734375,285.7431640625
2015-12-01,32.49664688110352,8999.216796875,285.5401916503906
2015-12-02,32.58963394165039,8884.9130859375,286.5146484375
2015-12-03,32.6314697265625,9057.859375,283.1854248046875
2015-12-04,31.506404876708984,8797.4443359375,278.8006286621094
2015-12-07,30.637041091918945,8870.9970703125,273.6038513183594
2015-12-08,30.107051849365234,8915.7236328125,273.88800048828125
2015-12-09,29.893199920654297,8880.9365234375,267.1484375
2015-12-10,30.637041091918945,8870.9970703125,263.900390625
2015-12-11,30.1674919128418,8846.1513671875,261.82977294921875
2015-12-14,29.33531379699707,8726.8740234375,257.6479797363281
2015-12-15,29.288822174072266,8910.75390625,261.8703918457031
2015-12-16,29.074966430664062,9052.890625,257.16082763671875
2015-12-17,28.447345733642575,9392.8212890625,261.211669921875
2015-12-18,27.638416290283203,9173.1572265625,251.26075744628903
2015-12-21,27.196760177612305,8993.251953125,251.50946044921875
2015-12-22,27.09913825988769,9164.212890625,252.0899658203125
2015-12-23,27.368776321411133,9353.0615234375,250.43145751953125
2015-12-24,28.275341033935547,9287.4599609375,248.8144378662109
2015-12-25,28.744892120361328,9287.4599609375,248.89735412597656
2015-12-28,28.382266998291016,9296.740234375,253.1265563964844
2015-12-29,29.181900024414062,9136.658203125,255.40696716308597
2015-12-30,29.10286521911621,9097.880859375,252.7118682861328
2016-01-04,28.58217430114746,8871.1787109375,247.6949462890625
2016-01-05,28.24279022216797,9033.2490234375,254.0801696777344
2016-01-06,29.179414749145508,8938.79296875,265.2749328613281
2016-01-11,28.502172470092773,8551.0126953125,256.6093444824219
2016-01-12,29.25626945495605,8504.28125,257.0654296875
2016-01-13,29.328317642211918,8564.9345703125,253.4582061767578
2016-01-14,28.8912296295166,8415.787109375,254.1630706787109
2016-01-15,27.618377685546875,8004.1455078125,250.43145751953125
2016-01-18,27.925783157348636,8242.7802734375,257.8946533203125
2016-01-19,28.045867919921875,8491.35546875,260.7969665527344
2016-01-20,27.47428131103516,8599.7353515625,263.2018127441406
2016-01-21,28.86721611022949,9077.9931640625,274.47955322265625
2016-01-22,29.779821395874023,9048.1640625,266.1871032714844
2016-01-25,29.971948623657227,8998.44921875,268.7577819824219
2016-01-26,30.54352760314941,8829.4169921875,267.3480224609375
2016-01-27,31.74912643432617,8939.7861328125,270.1259765625
2016-01-28,31.0334587097168,8918.9052734375,261.211669921875
2016-01-29,31.4609317779541,8799.587890625,257.6873779296875
2016-02-01,31.71550750732422,8648.455078125,263.2846984863281
2016-02-02,32.58967971801758,8873.1669921875,263.0359802246094
2016-02-03,32.90188980102539,8720.044921875,262.165283203125
2016-02-04,33.04119110107422,8947.73828125,266.518798828125
2016-02-05,34.102691650390625,8953.7060546875,264.11395263671875
2016-02-08,33.574344635009766,8819.474609375,265.7724914550781
2016-02-09,33.67041015625,8600.7275390625,269.0894470214844
2016-02-10,34.102691650390625,8461.525390625,268.7992248535156
2016-02-11,34.72710418701172,8328.2900390625,275.26727294921875
2016-02-12,35.04412078857422,8302.435546875,272.8210754394531
2016-02-15,36.02397155761719,8297.466796875,271.5771789550781
2016-02-16,37.00381851196289,8437.6630859375,274.47955322265625
2016-02-17,36.28815460205078,8583.8251953125,267.0578308105469
2016-02-18,35.59648895263672,8829.4169921875,269.5455322265625
2016-02-19,35.20262145996094,8695.189453125,267.4309997558594
2016-02-22,35.86067199707031,8700.1591796875,267.7212219238281
2016-02-24,35.71656799316406,8700.1591796875,265.8968200683594
2016-02-25,35.63011169433594,8700.1591796875,265.3993835449219
2016-02-26,35.063331604003906,8884.10546875,263.2846984863281
2016-02-29,35.35152053833008,9089.92578125,261.211669921875
2016-03-01,35.22183990478516,9053.1357421875,257.47998046875
2016-03-02,35.572471618652344,9041.205078125,259.6775207519531
2016-03-03,35.7838134765625,9137.654296875,258.7239074707031
2016-03-04,36.302547454833984,9247.0263671875,260.8384704589844
2016-03-07,36.84052276611328,9439.919921875,267.1407165527344
2016-03-09,37.03264617919922,9247.0263671875,265.3578796386719
2016-03-10,36.70122909545898,9228.1337890625,269.0479736328125
2016-03-11,37.51775741577149,9168.4755859375,270.3332824707031
2016-03-14,38.425575256347656,9097.880859375,281.5280456542969
2016-03-15,37.68587875366211,9149.583984375,269.9187316894531
2016-03-16,37.91642761230469,9067.0576171875,272.40643310546875
2016-03-17,37.58981323242188,9190.3505859375,270.1259765625
2016-03-18,38.77620697021485,9435.9443359375,276.8013916015625
2016-03-21,38.425575256347656,9336.5126953125,281.9842224121094
2016-03-22,39.09801864624024,9386.2265625,294.7960205078125
2016-03-23,39.95298767089844,9187.369140625,292.3083190917969
2016-03-24,39.97700119018555,8968.6201171875,296.7861633300781
2016-03-25,39.4294319152832,8994.47265625,295.6252136230469
2016-03-28,39.81850051879883,8943.763671875,296.8691101074219
2016-03-29,39.68400573730469,8884.10546875,297.5324401855469
2016-03-30,40.58220672607422,8899.0205078125,303.29571533203125
2016-03-31,40.03944396972656,8650.443359375,295.21063232421875
2016-04-01,41.44197463989258,8411.8115234375,304.7054443359375
2016-04-04,42.81568908691406,8410.8154296875,311.588134765625
2016-04-05,42.292137145996094,8650.443359375,309.6809387207031
2016-04-06,42.32576751708984,8748.8798828125,306.2395324707031
2016-04-07,43.13270568847656,8638.51171875,307.8565368652344
2016-04-08,43.27199172973633,8579.8486328125,303.0884094238281
2016-04-11,42.98860931396485,8732.970703125,315.2782592773437
2016-04-12,41.85985565185547,8680.2744140625,309.84674072265625
2016-04-13,41.18740463256836,9069.0458984375,316.9782409667969
2016-04-14,41.97993087768555,9097.880859375,326.3072509765625
2016-04-15,42.373802185058594,9068.05078125,325.4365539550781
2016-04-18,42.12403106689453,9217.1982421875,322.0780944824219
2016-04-19,43.56499862670898,9188.3623046875,323.36346435546875
2016-04-20,45.48626708984375,9206.2587890625,331.19976806640625
2016-04-21,44.82822799682617,9314.63671875,334.4752197265625
2016-04-22,44.19421005249024,9694.4658203125,339.1190185546875
2016-04-25,44.57366180419922,9576.138671875,343.72137451171875
2016-04-26,44.21342468261719,9694.4658203125,320.08795166015625
2016-04-27,43.372859954833984,9644.748046875,318.0147705078125
2016-04-28,42.4122314453125,9653.6962890625,314.3246459960937
2016-04-29,42.86852645874024,9355.4033203125,301.4299011230469
2016-05-04,40.1787338256836,9048.1640625,295.5837097167969
2016-05-05,40.438114166259766,8758.8212890625,296.8276062011719
2016-05-06,41.835845947265625,8710.1025390625,299.3568420410156
2016-05-10,40.05866622924805,8764.7880859375,284.5963134765625
2016-05-11,40.75992584228516,8799.587890625,283.18658447265625
2016-05-12,40.31803512573242,8860.2412109375,286.0888977050781
2016-05-13,40.1787338256836,8934.81640625,285.6742858886719
2016-05-16,41.40835571289063,8879.134765625,283.2695617675781
2016-05-17,41.00488662719727,8879.134765625,285.7157592773437
2016-05-18,41.40354537963867,9043.1943359375,295.9154663085937
2016-05-19,40.40448760986328,9137.654296875,290.5253295898437
2016-05-20,40.81756591796875,9068.05078125,292.0595397949219
2016-05-23,39.770469665527344,8979.5576171875,288.0791015625
2016-05-24,39.89054489135742,9033.2490234375,288.7010498046875
2016-05-25,40.61582946777344,9027.2841796875,291.5205078125
2016-05-26,40.65424728393555,9099.869140625,288.9912414550781
2016-05-27,41.01930236816406,9087.9375,292.722900390625
2016-05-30,41.13937759399414,9147.595703125,290.73272705078125
2016-05-31,41.30268096923828,8938.79296875,278.0038146972656
2016-06-01,40.34684371948242,8977.5693359375,279.6622619628906
2016-06-02,38.99235153198242,8874.1630859375,279.9525756835937
2016-06-03,38.64170455932617,8808.5380859375,276.75994873046875
2016-06-06,38.77620697021485,8916.9169921875,285.2597351074219
2016-06-07,38.915489196777344,8922.8828125,291.0230407714844
2016-06-08,38.4207649230957,8822.45703125,287.0010986328125
2016-06-09,38.670528411865234,8649.4501953125,280.0354309082031
2016-06-10,39.04743194580078,8646.4658203125,278.5843505859375
2016-06-14,39.80125045776367,8620.6142578125,274.47955322265625
2016-06-15,39.70577621459961,8504.28125,270.2504272460937
2016-06-16,39.57511138916016,8449.59375,265.6065979003906
2016-06-17,40.15303039550781,8399.8779296875,270.49920654296875
2016-06-20,40.32389831542969,8255.05078125,274.97711181640625
2016-06-21,40.40430450439453,8367.4365234375,279.4549865722656
2016-06-22,41.04253005981445,8303.7841796875,285.6742858886719
2016-06-23,40.98223114013672,8361.4697265625,283.6011962890625
2016-06-24,40.73597717285156,8334.6171875,281.5280456542969
2016-06-27,39.70074462890625,8240.1298828125,272.323486328125
2016-06-28,41.5350227355957,8434.076171875,282.9377746582031
2016-06-29,41.91695022583008,8439.046875,289.19854736328125
2016-06-30,41.71090316772461,8493.7509765625,290.5253295898437
2016-07-01,42.06268310546875,8449.9873046875,302.1606140136719
2016-07-04,42.26873016357422,8813.01171875,295.67742919921875
2016-07-05,41.26866912841797,8761.29296875,299.00537109375
2016-07-06,42.28380584716797,8724.4921875,302.9817810058594
2016-07-07,40.781211853027344,8672.775390625,292.2195739746094
2016-07-08,42.47476959228516,8625.0361328125,284.4830322265625
2016-07-11,42.339088439941406,8807.04296875,289.19415283203125
2016-07-12,43.62055969238281,8976.1240234375,299.869873046875
2016-07-13,44.143211364746094,9249.6337890625,300.0859680175781
2016-07-14,44.51508712768555,9246.6513671875,307.3903503417969
2016-07-15,45.4246826171875,9239.6875,315.51593017578125
2016-07-18,45.103057861328125,9257.58984375,315.6456604003906
2016-07-19,46.72124862670898,9259.5810546875,319.3194885253906
2016-07-20,47.08810043334961,9246.6513671875,321.999267578125
2016-07-21,46.173465728759766,9339.146484375,320.2702941894531
2016-07-22,45.39955139160156,9349.091796875,323.0797119140625
2016-07-25,45.20858383178711,9255.6025390625,324.592529296875
2016-07-26,47.002662658691406,9288.4248046875,328.9146728515625
2016-07-27,45.6307258605957,9393.849609375,330.2113037109375
2016-07-28,46.34937286376953,9483.3623046875,332.8045654296875
2016-07-29,47.88712692260742,9392.8544921875,342.8318176269531
2016-08-01,47.08307266235352,9584.80859375,334.74957275390625
2016-08-02,47.14338684082031,9529.1123046875,332.5019836425781
2016-08-03,46.86195373535156,9607.6845703125,339.6766967773437
2016-08-04,47.0629768371582,9681.28515625,344.1285095214844
2016-08-05,46.74636459350586,9725.0458984375,343.60986328125
2016-08-08,46.92728805541992,9776.76171875,344.4310913085937
2016-08-09,47.36952209472656,9796.654296875,352.68634033203125
2016-08-10,46.113162994384766,9873.23828125,342.8751220703125
2016-08-11,46.23377990722656,9934.9033203125,342.9614562988281
2016-08-12,46.21870422363281,9806.6025390625,340.5843505859375
2016-08-15,46.13829040527344,9913.0205078125,342.7454528808594
2016-08-16,46.09809875488281,9920.978515625,345.3387756347656
2016-08-17,46.0830078125,9717.087890625,335.8300170898437
2016-08-18,46.69108581542969,9549.0048828125,349.6607666015625
2016-08-19,46.58555221557617,9734.9912109375,346.6785888671875
2016-08-22,46.51519775390625,9836.439453125,351.7355041503906
2016-08-23,47.309226989746094,9825.4990234375,352.2541809082031
2016-08-24,46.947391510009766,9799.638671875,348.4938659667969
2016-08-25,46.71117782592773,9707.1435546875,346.63531494140625
2016-08-26,45.98250961303711,9545.0263671875,341.8810119628906
2016-08-29,45.409610748291016,9587.79296875,338.6393737792969
2016-08-30,45.83173751831055,9575.857421875,336.39190673828125
2016-08-31,45.22868728637695,9519.1669921875,325.02471923828125
2016-09-01,45.27894592285156,9578.83984375,330.5137939453125
2016-09-02,46.01768112182617,9664.3740234375,335.8300170898437
2016-09-05,45.98250961303711,9657.412109375,337.8182067871094
2016-09-06,46.344329833984375,9872.2421875,341.0165710449219
2016-09-07,45.78149032592773,9817.5419921875,340.15216064453125
2016-09-08,46.173465728759766,9727.0361328125,345.2955017089844
2016-09-09,46.118194580078125,9667.361328125,337.8182067871094
2016-09-12,44.57538986206055,9637.5234375,338.0342712402344
2016-09-13,44.43468475341797,9697.19921875,341.0165710449219
2016-09-14,43.324066162109375,9494.3017578125,332.2427062988281
2016-09-15,43.05269241333008,9468.4443359375,323.9747619628906
2016-09-16,41.58024597167969,9418.7138671875,322.20050048828125
2016-09-19,41.10282897949219,9453.5224609375,326.414306640625
2016-09-20,42.64563751220703,9510.21484375,337.05975341796875
2016-09-21,44.02762985229492,9368.9853515625,345.0881652832031
2016-09-22,44.69599914550781,9662.3857421875,348.2816467285156
2016-09-23,43.89695739746094,9677.306640625,346.8622741699219
2016-09-26,43.06777191162109,9614.6474609375,343.713134765625
2016-09-27,42.94213485717773,9727.0361328125,346.5075378417969
2016-09-28,42.76625061035156,9898.1025390625,351.3866577148437
2016-09-29,42.96725845336914,9864.287109375,345.8421325683594
2016-09-30,41.68075180053711,9758.86328125,333.9991455078125
2016-10-03,42.66572952270508,9595.7490234375,340.2088928222656
2016-10-04,42.54009628295898,9586.7978515625,349.9672546386719
2016-10-05,42.54009628295898,9478.38671875,354.0480041503906
2016-10-06,43.4496955871582,9423.6865234375,353.7818603515625
2016-10-07,43.4195442199707,9350.087890625,354.4028625488281
2016-10-10,44.707069396972656,9355.0615234375,358.7940368652344
2016-10-11,43.69435501098633,9398.822265625,362.3868713378906
2016-10-12,44.14728546142578,9380.919921875,362.1650085449219
2016-10-13,44.73251724243164,9349.091796875,359.5924377441406
2016-10-14,44.29486083984375,9339.146484375,358.3948669433594
2016-10-17,45.8113899230957,9199.9033203125,363.7619018554688
2016-10-18,45.98950958251953,9313.2900390625,354.8463134765625
2016-10-19,45.80120086669922,9218.80078125,361.4997863769531
2016-10-20,45.76557922363281,9150.1748046875,364.3828430175781
2016-10-21,44.63582611083984,9325.2216796875,366.9112243652344
2016-10-24,45.60273742675781,9199.9033203125,368.3305969238281
2016-10-25,46.76811981201172,9253.6142578125,365.9352722167969
2016-10-26,48.10144805908203,9256.595703125,379.552490234375
2016-10-27,49.02764129638672,9399.8173828125,385.2744140625
2016-10-28,48.75285339355469,9294.388671875,384.4759826660156
2016-10-31,52.18793487548828,9293.3955078125,393.1697998046875
2016-11-01,50.971656799316406,9259.5810546875,385.0969543457031
2016-11-02,50.35588073730469,9150.1748046875,376.4920043945313
2016-11-03,50.73756790161133,9107.408203125,373.8306884765625
2016-11-07,53.282073974609375,9180.0146484375,381.9033508300781
2016-11-08,52.208282470703125,9349.091796875,383.4114685058594
2016-11-09,52.93601989746094,9538.064453125,389.4439086914063
2016-11-10,57.33293914794922,9991.5947265625,409.27093505859375
2016-11-11,59.71968460083008,10095.0322265625,413.839599609375
2016-11-14,59.63825988769531,10323.78515625,410.29107666015625
2016-11-15,58.208251953125,10310.8544921875,406.5652465820313
2016-11-16,58.80365753173828,10214.380859375,406.2990417480469
2016-11-17,59.67388153076172,10233.2763671875,408.9605102539063
2016-11-18,58.77822494506836,10089.0634765625,405.6338195800781
2016-11-21,58.38126373291016,10082.1015625,402.30706787109375
2016-11-22,59.28712463378906,10221.34375,418.275146484375
2016-11-23,59.49067687988281,10433.189453125,425.9043273925781
2016-11-24,60.05047225952149,10441.146484375,429.3640747070313
2016-11-25,60.757850646972656,10393.4072265625,436.2835388183594
2016-11-28,62.62553024291992,10492.865234375,436.4610900878906
2016-11-29,62.594970703125,10411.3095703125,434.0215148925781
2016-11-30,60.01993942260742,10314.8359375,426.1260986328125
2016-12-01,59.10900115966797,10562.484375,427.9891357421875
2016-12-02,58.52377700805664,10622.16015625,431.5818786621094
2016-12-05,59.77057647705078,10771.34765625,429.142333984375
2016-12-06,59.388916015625,10840.96875,446.9290466308594
2016-12-07,61.32781982421875,10930.482421875,446.6628723144531
2016-12-08,60.30492782592773,11010.048828125,450.52191162109375
2016-12-09,57.50596618652344,10936.4501953125,446.2192687988281
2016-12-12,55.68408966064453,10849.919921875,429.7633056640625
2016-12-13,57.59246826171875,10745.4873046875,433.7996826171875
2016-12-14,57.17518615722656,10532.6494140625,432.5980224609375
2016-12-15,58.95634078979492,10455.0732421875,441.473876953125
2016-12-16,58.61537551879883,10467.9990234375,430.1400146484375
2016-12-19,57.455074310302734,10204.43359375,420.26275634765625
2016-12-20,57.56193542480469,10193.49609375,428.31939697265625
2016-12-21,56.93599319458008,10138.79296875,420.0807189941406
2016-12-22,56.386375427246094,10134.814453125,414.5276489257813
2016-12-23,56.732452392578125,10114.9228515625,410.0213012695313
2016-12-26,57.93852996826172,10146.7490234375,418.3055114746094
2016-12-27,57.70952606201172,9846.845703125,414.20892333984375
2016-12-28,57.06321716308594,9741.3720703125,412.3883056640625
2016-12-29,57.86219787597656,9901.5712890625,415.1192626953125
2016-12-30,58.51359558105469,10071.72265625,428.8655700683594
2017-01-03,59.12428283691406,10194.11328125,427.86419677734375
2017-01-04,59.18535232543945,10144.359375,432.6435546875
2017-01-05,59.03266143798828,9975.2041015625,428.7745666503906
2017-01-06,58.91183471679688,9990.1298828125,428.7290344238281
2017-01-09,58.691200256347656,10064.7587890625,432.87115478515625
2017-01-10,60.409061431884766,10345.35546875,437.8780822753906
2017-01-11,60.566673278808594,10387.1484375,437.7415161132813
2017-01-12,60.93440628051758,9944.359375,434.8283386230469
2017-01-13,59.59477615356445,9707.541015625,429.0477294921875
2017-01-16,59.36364364624024,9712.513671875,433.1897888183594
2017-01-17,59.1009635925293,9567.2412109375,432.1427917480469
2017-01-18,59.67884063720703,9501.5693359375,427.86419677734375
2017-01-19,58.89083099365234,9542.3662109375,424.8600463867188
2017-01-20,57.78760528564453,9313.5087890625,415.43792724609375
2017-01-23,57.26752853393555,9377.1904296875,410.3399963378906
2017-01-24,59.1009635925293,9438.8828125,422.0834655761719
2017-01-25,59.13248825073242,9487.638671875,425.4517517089844
2017-01-26,61.14979553222656,9741.3720703125,446.0711364746094
2017-01-27,61.35993576049805,9743.36328125,452.30706787109375
2017-01-30,60.99745941162109,9723.4599609375,438.9705200195313
2017-01-31,62.01660537719727,9581.171875,432.41595458984375
2017-02-01,63.08830261230469,9799.083984375,443.7042541503906
2017-02-02,62.86240005493164,10204.0615234375,433.3262939453125
2017-02-03,62.615501403808594,10038.88671875,424.4959716796875
2017-02-06,62.12168502807617,9872.7158203125,435.10150146484375
2017-02-07,62.01660537719727,10085.654296875,428.1373291015625
2017-02-08,63.70296859741211,10084.6572265625,424.2228088378906
2017-02-09,63.934120178222656,9949.3330078125,412.4337768554688
2017-02-10,63.71872329711914,10021.9716796875,414.1178894042969
2017-02-13,63.96037673950195,9840.8759765625,420.9910278320313
2017-02-14,63.645164489746094,9691.619140625,413.2075805664063
2017-02-15,63.92360305786133,9890.626953125,413.5261840820313
2017-02-16,64.21778869628906,9907.54296875,409.6117248535156
2017-02-17,64.61180877685547,9671.720703125,401.8737182617188
2017-02-20,63.345733642578125,9537.3896484375,401.4641418457031
2017-02-21,62.69955825805664,9628.93359375,409.1564636230469
2017-02-22,62.41061782836914,9552.31640625,398.5054931640625
2017-02-24,61.134037017822266,9450.8203125,386.761962890625
2017-02-27,59.86271286010742,9294.6025390625,382.7564086914063
2017-02-28,59.17976379394531,9264.751953125,376.5660095214844
2017-03-01,59.699851989746094,9324.455078125,391.2681274414063
2017-03-02,58.31294250488281,9259.7763671875,379.88873291015625
2017-03-03,58.57561492919922,9289.626953125,375.5191040039063
2017-03-06,57.78760528564453,9277.685546875,374.6542663574219
2017-03-07,57.01009750366211,9015.9912109375,363.3659362792969
2017-03-09,56.92604064941406,8763.25390625,368.2817993164063
2017-03-10,56.757957458496094,8811.0146484375,368.7825927734375
2017-03-13,56.7474365234375,8920.4677734375,369.283203125
2017-03-14,58.10807800292969,9051.814453125,374.5177001953125
2017-03-15,58.01350021362305,9012.0126953125,370.0570373535156
2017-03-16,58.57037353515625,9009.02734375,379.38812255859375
2017-03-17,59.97304534912109,9123.4560546875,379.38812255859375
2017-03-20,59.941497802734375,8966.240234375,371.14947509765625
2017-03-21,60.072845458984375,9063.7548828125,379.7067260742188
2017-03-22,59.31635284423828,9134.4013671875,380.6625671386719
2017-03-23,58.050289154052734,9136.3916015625,375.29150390625
2017-03-24,58.827781677246094,9119.4755859375,375.5191040039063
2017-03-27,58.65967559814453,8846.837890625,373.8349609375
2017-03-28,58.97489547729492,8966.240234375,377.7950439453125
2017-03-29,59.46870040893555,8940.369140625,378.0225524902344
2017-03-30,59.46870040893555,8944.3515625,371.0127868652344
2017-03-31,59.42141342163086,8884.6484375,368.6459655761719
2017-04-03,59.16401290893555,8929.42578125,381.8914794921875
2017-04-04,59.15349578857422,8955.296875,376.429443359375
2017-04-05,59.02742767333984,9140.37109375,391.45025634765625
2017-04-06,58.21314239501953,9087.6357421875,383.7122192382813
2017-04-07,58.23414611816406,8980.171875,382.3466796875
2017-04-10,56.316654205322266,8911.513671875,370.9673767089844
2017-04-11,56.73692321777344,8919.474609375,369.6018676757813
2017-04-12,55.71251678466797,8879.6708984375,363.6845703125
2017-04-13,55.42356872558594,8731.412109375,362.27349853515625
2017-04-14,54.74588394165039,8666.736328125,355.67352294921875
2017-04-17,55.371036529541016,8797.0849609375,361.3176574707031
2017-04-18,53.38525772094727,8513.5009765625,353.8982849121094
2017-04-19,52.90192794799805,8510.515625,348.3907165527344
2017-04-20,53.33270263671875,8577.181640625,350.3934631347656
2017-04-21,53.24339294433594,8495.5908203125,352.3052062988281
2017-04-24,54.22579193115234,8641.8603515625,356.5838317871094
2017-04-25,55.58116912841797,8828.9267578125,361.8638305664063
2017-04-26,56.490020751953125,8845.8427734375,357.49420166015625
2017-04-27,56.9365463256836,8706.5380859375,354.1258544921875
2017-04-28,56.60558319091797,8703.5517578125,353.2155456542969
2017-05-02,57.26226806640625,8765.244140625,354.5810852050781
2017-05-03,55.996192932128906,8644.8466796875,353.6707763671875
2017-05-04,56.4795150756836,8657.78125,355.3093566894531
2017-05-05,56.206329345703125,8721.462890625,352.8969116210937
2017-05-10,57.10992050170898,8614.9970703125,354.8541564941406
2017-05-11,55.36579132080078,8457.779296875,348.6182556152344
2017-05-12,54.53049087524414,8363.2529296875,340.6982421875
2017-05-15,55.31850814819336,8487.6298828125,335.23614501953125
2017-05-16,57.93996047973633,8360.2666015625,338.19482421875
2017-05-17,58.11333084106445,8330.4150390625,339.1961669921875
2017-05-18,57.10466766357422,8378.1767578125,334.2802429199219
2017-05-19,57.26226806640625,8263.748046875,334.8265075683594
2017-05-22,56.36392593383789,8233.8955078125,330.2747497558594
2017-05-23,56.547794342041016,8317.4814453125,339.6513977050781
2017-05-24,56.89453506469727,8357.2822265625,346.8429870605469
2017-05-25,56.285133361816406,8186.1357421875,345.9327392578125
2017-05-26,56.99959945678711,8159.26953125,340.92578125
2017-05-29,58.21839904785156,8102.55322265625,342.6099548339844
2017-05-30,57.03113555908203,8010.01416015625,344.5672607421875
2017-05-31,60.6769905090332,7862.75,336.1465148925781
2017-06-01,57.31480407714844,7752.30078125,333.18780517578125
2017-06-02,57.05213165283203,7790.1123046875,330.6388854980469
2017-06-05,56.5005111694336,7847.82470703125,328.6816711425781
2017-06-06,56.78419876098633,7858.77001953125,324.0844116210937
2017-06-07,57.64051055908203,7825.93359375,329.1368713378906
2017-06-08,57.25701522827149,7973.19775390625,334.09820556640625
2017-06-09,57.36207962036133,8059.76611328125,333.3244323730469
2017-06-13,58.15492630004883,8017.974609375,328.90924072265625
2017-06-14,58.11058044433594,8072.70166015625,313.84295654296875
2017-06-15,56.29756546020508,7971.20849609375,317.3478698730469
2017-06-16,57.07930755615234,8113.4990234375,326.3602294921875
2017-06-19,57.8222770690918,8209.0205078125,335.8688659667969
2017-06-20,58.11058044433594,8269.7177734375,345.58856201171875
2017-06-21,58.52085876464844,8248.82421875,350.6447448730469
2017-06-22,59.44676971435547,7815.361328125,353.4427795410156
2017-06-23,59.32479095458984,7979.63330078125,357.3700256347656
2017-06-26,61.34848403930664,7963.70361328125,360.0698547363281
2017-06-27,62.08588790893555,8090.14404296875,376.171142578125
2017-06-28,63.11713790893555,8138.92724609375,384.81097412109375
2017-06-29,64.31471252441406,8143.90576171875,379.9510498046875
2017-06-30,64.12067413330078,8032.400390625,380.9328308105469
2017-07-03,64.99668884277344,8209.61328125,389.2779846191406
2017-07-04,65.5954818725586,8160.83056640625,394.67779541015625
2017-07-05,66.65998840332031,8251.4296875,400.4212646484375
2017-07-06,67.0869140625,8306.1865234375,395.266845703125
2017-07-07,66.8207778930664,8336.0546875,393.0087585449219
2017-07-10,66.86514282226562,8477.4267578125,393.4505310058594
2017-07-11,68.12371826171875,8553.0927734375,404.0048522949219
2017-07-12,68.6836929321289,8562.0517578125,414.264404296875
2017-07-13,68.67814636230469,8458.51171875,409.6009521484375
2017-07-14,68.85557556152344,8442.5830078125,409.8954772949219
2017-07-17,68.7502212524414,8555.0830078125,409.8954772949219
2017-07-18,70.00879669189453,8536.166015625,410.5336608886719
2017-07-19,70.2749252319336,8654.6435546875,422.1678466796875
2017-07-20,68.66706848144531,8372.8896484375,416.2770690917969
2017-07-21,68.76132202148438,8350.98828125,402.5321044921875
2017-07-24,69.1106185913086,8547.1201171875,410.9263305664063
2017-07-25,68.33993530273438,8636.7216796875,412.693603515625
2017-07-26,70.41354370117188,8607.8486328125,413.3316955566406
2017-07-27,69.47099304199219,8825.8837890625,412.8407897949219
2017-07-28,68.51182556152344,8792.033203125,402.7775573730469
2017-07-31,69.3046646118164,8890.5966796875,409.25732421875
2017-08-01,69.82029724121094,9015.044921875,413.0862731933594
2017-08-02,70.96797180175781,9101.6611328125,418.24066162109375
2017-08-03,71.68875122070312,9054.8681640625,415.9334411621094
2017-08-04,71.38381958007812,9058.8505859375,414.9516296386719
2017-08-07,74.0118408203125,9229.0966796875,418.8296813964844
2017-08-08,73.95638275146484,9159.404296875,423.0023193359375
2017-08-09,74.62727355957031,9228.1005859375,420.98968505859375
2017-08-10,74.13935852050781,9139.4931640625,417.3569946289063
2017-08-11,73.906494140625,8960.2861328125,406.459228515625
2017-08-14,73.0193862915039,9010.06640625,411.7609252929688
2017-08-15,72.0324935913086,8879.6435546875,412.4972229003906
2017-08-16,72.8918685913086,8686.5029296875,414.50982666015625
2017-08-17,71.41706848144531,8729.3115234375,418.4860534667969
2017-08-18,70.6852035522461,8859.732421875,417.2589111328125
2017-08-21,70.13631439208984,8965.2666015625,420.98968505859375
2017-08-22,69.9699935913086,9030.9755859375,424.7204284667969
2017-08-23,71.41151428222656,9089.71484375,422.2659301757813
2017-08-24,71.01233673095703,9179.31640625,421.82421875
2017-08-25,70.76837158203125,9109.6259765625,431.4947204589844
2017-08-28,70.91252899169922,9248.013671875,429.4820861816406
2017-08-29,71.02342224121094,9431.201171875,430.46392822265625
2017-08-30,74.51082611083984,9458.080078125,439.2018127441406
2017-08-31,77.57685852050781,9746.8017578125,446.71240234375
2017-09-01,75.86366271972656,9759.7451171875,439.2999572753906
2017-09-04,73.51840209960938,9702.99609375,444.0125122070313
2017-09-05,72.90850830078125,9649.232421875,438.8581237792969
2017-09-06,73.46295928955078,9781.646484375,447.5469970703125
2017-09-07,71.35607147216797,9617.3759765625,444.2579956054688
2017-09-08,72.8530502319336,9632.3095703125,440.968994140625
2017-09-11,72.46495056152344,9624.3447265625,444.7489013671875
2017-09-12,74.56072998046875,9823.462890625,447.8414611816406
2017-09-13,73.98411560058594,9607.4189453125,447.79248046875
2017-09-14,73.19681549072266,9517.81640625,447.9888000488281
2017-09-15,72.53704071044922,9492.9267578125,447.79248046875
2017-09-18,72.8530502319336,9504.875,448.2341003417969
2017-09-19,71.46697235107422,9570.58203125,437.5818176269531
2017-09-20,71.6998291015625,9630.31640625,445.6816101074219
2017-09-21,70.69075775146484,9667.154296875,437.925537109375
2017-09-22,71.32836151123047,9550.669921875,433.1147155761719
2017-09-25,71.37271118164062,9607.4189453125,441.1119995117188
2017-09-26,73.26889038085938,9564.609375,440.6587829589844
2017-09-27,73.32432556152344,9606.423828125,440.55810546875
2017-09-28,72.72000122070312,9605.4287109375,436.6802673339844
2017-09-29,73.34651184082031,9876.228515625,437.8888854980469
2017-10-02,75.51436614990234,10089.28515625,444.9898071289063
2017-10-03,75.79157257080078,10207.7568359375,449.3712158203125
2017-10-04,75.76385498046875,10167.9345703125,446.7021179199219
2017-10-05,75.39794921875,10282.4267578125,446.8532104492188
2017-10-06,76.49571990966797,10267.4931640625,446.2991027832031
2017-10-09,76.90045928955078,10391.9423828125,451.1842651367188
2017-10-10,76.1796875,10208.7548828125,452.2418823242188
2017-10-11,77.13903045654297,10229.6611328125,460.75286865234375
2017-10-12,75.26007080078125,10110.19140625,453.6518859863281
2017-10-13,75.49848937988281,10443.7119140625,454.8606567382813
2017-10-16,77.3660888671875,10732.4326171875,456.623291015625
2017-10-17,77.45123291015625,10682.654296875,453.24908447265625
2017-10-18,76.1796875,10710.85546875,451.73822021484375
2017-10-19,74.87408447265625,10482.8193359375,448.716552734375
2017-10-20,74.22126007080078,10651.1064453125,455.76708984375
2017-10-23,76.08319091796875,10628.203125,458.7887573242188
2017-10-24,77.85426330566406,10621.232421875,462.1629028320313
2017-10-25,75.75394439697266,10346.3935546875,457.52978515625
2017-10-26,76.67355346679688,10381.244140625,455.81744384765625
2017-10-27,76.77572631835938,10487.796875,456.0188903808594
2017-10-30,75.6744613647461,10545.552734375,453.7023315429688
2017-10-31,75.61770629882812,10547.5439453125,452.3927917480469
2017-11-01,76.08319091796875,11003.62109375,458.6375732421875
2017-11-02,75.186279296875,11302.36328125,452.8460998535156
2017-11-03,74.62431335449219,11502.5185546875,454.4073791503906
2017-11-07,75.00463104248047,11561.271484375,458.7887573242188
2017-11-08,74.93083953857422,11406.9228515625,459.0405883789063
2017-11-09,73.79552459716797,11416.880859375,445.443115234375
2017-11-10,74.26667785644531,11352.1533203125,445.3927612304688
2017-11-13,74.73216247558594,11421.859375,451.73822021484375
2017-11-14,76.12291717529297,11104.197265625,451.73822021484375
2017-11-15,75.21466064453125,10757.658203125,454.3569641113281
2017-11-16,75.6688003540039,10997.646484375,448.364013671875
2017-11-17,75.14655303955078,10767.6171875,450.5295715332031
2017-11-20,74.7548599243164,10499.7451171875,451.4361572265625
2017-11-21,76.5884017944336,10470.8671875,455.81744384765625
2017-11-22,75.41334533691406,10722.8037109375,455.76708984375
2017-11-23,75.36225891113281,10564.4716796875,456.673583984375
2017-11-24,75.02735137939453,10704.880859375,458.5369262695313
2017-11-27,73.22786712646484,10505.7216796875,452.2418823242188
2017-11-28,74.53348541259766,10177.10546875,454.1051635742188
2017-11-29,73.75576782226562,10064.580078125,450.932373046875
2017-11-30,75.07276153564453,9834.5478515625,465.3356628417969
2017-12-01,73.92041015625,10037.6923828125,459.544189453125
2017-12-04,76.24212646484375,10123.3330078125,458.8157043457031
2017-12-05,76.04346466064453,10034.705078125,454.88525390625
2017-12-06,78.76819610595703,10123.3330078125,461.1740112304688
2017-12-07,79.01798248291016,10020.763671875,467.9344177246094
2017-12-08,78.82498168945312,10034.705078125,464.6852722167969
2017-12-11,83.61600494384766,10379.25390625,471.445556640625
2017-12-12,82.97455596923828,10741.7255859375,469.0349731445313
2017-12-13,81.91302490234375,10467.87890625,470.7642822265625
2017-12-14,81.02750396728516,10624.220703125,471.445556640625
2017-12-15,80.57902526855469,10550.5302734375,472.3889465332031
2017-12-18,80.49388885498047,10635.1748046875,467.2530822753906
2017-12-19,80.35198211669922,10608.287109375,467.8819580078125
2017-12-20,80.52227020263672,10568.455078125,460.02093505859375
2017-12-21,82.73615264892578,10486.7998046875,456.5622863769531
2017-12-22,83.16188049316406,10665.048828125,459.5493774414063
2017-12-25,82.31039428710938,10610.279296875,458.9205627441406
2017-12-26,83.5762710571289,10584.388671875,455.5140686035156
2017-12-27,84.15526580810547,10576.421875,466.3621520996094
2017-12-28,83.4457015991211,10649.1162109375,466.2049865722656
2017-12-29,83.57058715820312,10804.462890625,465.0521545410156
2018-01-03,84.58102416992188,11254.564453125,470.2926330566406
2018-01-04,86.8516616821289,11536.376953125,475.84765625
2018-01-05,83.13916778564453,11516.4599609375,482.1363830566406
2018-01-09,87.79821014404297,11625.9990234375,492.2508544921875
2018-01-10,88.18058013916016,11606.08203125,497.3341979980469
2018-01-11,88.47472381591797,11613.0517578125,500.95013427734375
2018-01-12,90.35128784179688,11551.3125,507.6058349609375
2018-01-15,89.7100601196289,11700.6845703125,505.0378723144531
2018-01-16,88.75709533691406,11327.2578125,495.2379150390625
2018-01-17,89.23944091796875,11449.7412109375,493.2465515136719
2018-01-18,89.88655090332031,11511.4814453125,490.6261901855469
2018-01-19,91.15129089355467,11421.859375,499.4304809570313
2018-01-22,92.43962860107422,11439.7841796875,507.18646240234375
2018-01-24,88.65117645263672,11277.4677734375,487.3770751953125
2018-01-25,90.59246826171876,11488.578125,497.8583068847656
2018-01-26,90.55128479003906,11372.0693359375,499.2733154296875
2018-01-29,90.11597442626952,11490.5712890625,490.9931640625
2018-01-30,88.76884460449219,11434.8046875,487.2722778320313
2018-01-31,86.47461700439453,11559.2802734375,481.6647644042969
2018-02-01,88.47472381591797,11590.1494140625,493.56097412109375
2018-02-02,85.96870422363281,11447.75,481.08831787109375
2018-02-05,86.5334701538086,11532.3935546875,484.12786865234375
2018-02-06,85.16867065429688,11260.5390625,478.4156188964844
2018-02-07,85.915771484375,11220.70703125,488.5299682617188
2018-02-08,84.12157440185547,11063.3701171875,480.9834899902344
2018-02-09,81.15084075927734,11054.40625,475.3236389160156
2018-02-12,84.53335571289062,11100.21484375,478.72998046875
2018-02-13,87.5276107788086,11451.7333984375,493.4561462402344
2018-02-14,86.8746337890625,11711.638671875,487.3770751953125
2018-02-15,87.09230041503906,11735.537109375,497.4390258789063
2018-02-16,87.7923355102539,10764.6279296875,497.4390258789063
2018-02-19,89.93949127197266,11124.1142578125,495.395263671875
2018-02-20,90.00419616699219,11013.580078125,492.6177062988281
2018-02-21,87.23936462402344,11252.5712890625,493.87548828125
2018-02-22,86.81580352783203,11331.2412109375,489.1065368652344
2018-02-26,86.91581726074219,11832.12890625,493.7181396484375
2018-02-27,86.26872253417969,11501.5234375,492.4604187011719
2018-02-28,85.94518280029297,11112.1630859375,481.2979736328125
2018-03-01,86.2804946899414,11138.0556640625,478.9920654296875
2018-03-02,84.97455596923828,11200.791015625,470.2402648925781
2018-03-05,86.41580963134766,11151.9951171875,473.3322448730469
2018-03-06,85.50985717773438,11114.1552734375,470.08306884765625
2018-03-07,86.06283569335938,11113.162109375,466.938720703125
2018-03-09,85.35103607177734,10944.8701171875,462.3792724609375
2018-03-12,87.91586303710938,11110.1748046875,464.318359375
2018-03-13,88.82179260253906,11054.40625,463.53216552734375
2018-03-14,88.23941040039062,10835.3310546875,469.0349731445313
2018-03-15,87.02759552001953,10809.4404296875,468.0915832519531
2018-03-16,90.00419616699219,10881.1376953125,475.37603759765625
2018-03-19,87.1805419921875,10865.2041015625,463.68951416015625
2018-03-20,86.72757720947266,10895.080078125,454.5708618164063
2018-03-21,87.3570327758789,10886.1162109375,461.2262878417969
2018-03-22,87.768798828125,10956.8203125,460.02093505859375
2018-03-23,87.38053894042969,10951.83984375,462.2222290039063
2018-03-26,86.42756652832031,10721.80859375,457.7676086425781
2018-03-27,86.2569580078125,10682.97265625,453.5227355957031
2018-03-28,83.56859588623047,10650.1123046875,453.7323303222656
2018-03-29,84.83924865722656,10749.693359375,455.6190185546875
2018-03-30,84.41569519042969,10714.8388671875,457.1910705566406
2018-04-02,83.8744888305664,10754.6708984375,455.933349609375
2018-04-03,84.90983581542969,10773.591796875,456.5622863769531
2018-04-04,85.34514617919922,10682.97265625,456.0906066894531
2018-04-05,87.59232330322266,10698.90625,462.06488037109375
2018-04-06,88.45117950439453,10646.12890625,465.890625
2018-04-09,84.62748718261719,9103.6279296875,440.263916015625
2018-04-10,89.32769775390625,9768.8271484375,471.7075500488281
2018-04-11,88.72179412841797,9846.5009765625,472.4413146972656
2018-04-12,86.99818420410156,10326.4755859375,470.5546875
2018-04-13,86.53933715820312,10445.9716796875,461.697998046875
2018-04-16,85.298095703125,9858.4482421875,469.0349731445313
2018-04-17,87.17465209960938,10186.0673828125,483.5513610839844
2018-04-18,89.12179565429688,10627.208984375,496.0241088867188
2018-04-19,88.82765197753906,10640.154296875,497.0722351074219
2018-04-20,89.37474822998047,10493.7705078125,496.8101196289063
2018-04-23,90.53363037109376,10829.3564453125,504.1470031738281
2018-04-24,90.97483825683594,10814.4189453125,505.8240356445313
2018-04-25,93.03374481201172,10757.658203125,512.7416381835938
2018-04-26,94.41616821289062,10941.8828125,522.1748046875
2018-04-27,95.3279800415039,10942.876953125,520.8645629882812
2018-04-30,94.8044204711914,10768.6123046875,530.2976684570312
2018-05-02,92.79256439208984,10993.6640625,524.0614013671875
2018-05-03,91.09249114990234,10859.2294921875,513.9993286132812
2018-05-04,90.47481536865234,10949.8486328125,511.2217712402344
2018-05-07,92.59253692626952,11103.2021484375,512.6891479492188
2018-05-08,92.87492370605467,11047.4365234375,519.3447875976562
2018-05-10,91.0042495727539,10684.9658203125,510.2785034179688
2018-05-11,92.53960418701172,10676.9970703125,516.5148315429688
2018-05-14,96.045654296875,10732.76171875,523.1180419921875
2018-05-15,93.42201232910156,10869.1875,516.7244873046875
2018-05-16,94.89265441894533,10746.7060546875,518.82080078125
2018-05-17,94.12203979492188,10746.7060546875,519.2924194335938
2018-05-18,95.85153198242188,10705.876953125,521.9652099609375
2018-05-21,95.31033325195312,10909.0205078125,518.2443237304688
2018-05-22,94.08674621582033,10951.83984375,517.0389404296875
2018-05-23,93.82788848876952,10804.462890625,512.6891479492188
2018-05-24,95.88682556152344,10834.3359375,521.5982666015625
2018-05-25,96.30448150634766,11027.521484375,533.546875
2018-05-28,95.73976135253906,11123.1171875,527.2057495117188
2018-05-29,94.8338394165039,11093.244140625,526.3673095703125
2018-05-30,96.61627960205078,11073.328125,525.8431396484375
2018-05-31,95.97505950927734,11064.3671875,525.5287475585938
2018-06-01,95.2985610961914,11103.2021484375,521.3362426757812
2018-06-04,98.6281280517578,11425.8427734375,531.0313720703125
2018-06-05,100.5635223388672,11477.6240234375,536.9533081054688
2018-06-06,100.39881134033205,11591.1474609375,540.3073120117188
2018-06-07,101.2929458618164,11595.126953125,541.5126953125
2018-06-08,99.39875030517578,11327.2578125,532.5511474609375
2018-06-11,100.2987823486328,11451.7333984375,545.96728515625
2018-06-13,100.59880065917967,11227.6787109375,545.2857666015625
2018-06-14,99.4811019897461,11114.1552734375,537.634521484375
2018-06-15,99.16345977783205,11019.5546875,544.7093505859375
2018-06-18,98.41635131835938,11004.6171875,539.8070068359375
2018-06-19,95.59842681884766,11079.3017578125,536.5612182617188
2018-06-20,96.42575073242188,11195.8115234375,537.2328491210938
2018-06-21,97.93737030029295,11176.8916015625,537.5127563476562
2018-06-22,98.13020324707033,11226.6806640625,540.9823608398438
2018-06-25,96.20182037353516,11237.634765625,528.2789306640625
2018-06-26,96.38220977783205,11174.900390625,527.3836669921875
2018-06-27,95.61085510253906,11053.4130859375,517.8141479492188
2018-06-28,92.66851043701172,11072.3310546875,509.4757995605469
2018-06-29,94.45381927490234,11351.1572265625,520.5003051757812
2018-07-02,95.84723663330078,11533.3876953125,521.1718139648438
2018-07-03,95.38070678710938,11491.564453125,520.7801513671875
2018-07-04,94.2609634399414,11409.91015625,520.947998046875
2018-07-05,95.96543884277344,11517.4560546875,527.3276977539062
2018-07-06,95.96543884277344,11648.90234375,527.1038208007812
2018-07-09,98.22352600097656,11747.486328125,541.6538696289062
2018-07-10,99.8844223022461,11633.96484375,540.7584228515625
2018-07-11,98.6527328491211,11212.7392578125,534.4347534179688
2018-07-12,96.82386779785156,11311.326171875,537.2328491210938
2018-07-13,97.90005493164062,11310.3291015625,534.9383544921875
2018-07-16,97.30907440185548,10654.0234375,532.8118286132812
2018-07-17,97.71341705322266,10571.3271484375,537.9603881835938
2018-07-18,100.21410369873048,10535.4580078125,548.8169555664062
2018-07-19,99.1130599975586,10305.2998046875,550.7756958007812
2018-07-20,99.19393157958984,10217.619140625,544.2280883789062
2018-07-23,99.16905212402344,10276.4052734375,550.1040649414062
2018-07-24,101.24051666259766,10720.78125,553.9653930664062
2018-07-25,100.15192413330078,10805.4697265625,554.6929321289062
2018-07-26,101.67594909667967,10787.53515625,558.2185668945312
2018-07-27,101.79415130615234,10808.458984375,567.8438720703125
2018-07-30,101.5826416015625,10826.3935546875,564.6542358398438
2018-07-31,101.02278137207033,10842.3349609375,570.977783203125
2018-08-01,99.7289047241211,10742.69921875,567.1165161132812
2018-08-02,99.40542602539062,10660.998046875,557.43505859375
2018-08-03,101.47066497802734,10774.58203125,573.3282470703125
2018-08-06,100.6620101928711,10730.7431640625,573.0484008789062
2018-08-07,99.7289047241211,10790.5244140625,571.5933837890625
2018-08-08,98.84556579589844,10790.5244140625,573.5520629882812
2018-08-09,99.91551208496094,10958.908203125,570.138427734375
2018-08-10,94.55335235595705,10760.6328125,551.8388061523438
2018-08-13,96.97938537597656,10964.88671875,570.7539672851562
2018-08-14,96.71813201904295,10949.94140625,573.3282470703125
2018-08-15,96.75544738769533,10959.9052734375,572.3768310546875
2018-08-16,95.41180419921876,10861.2666015625,569.6907348632812
2018-08-17,96.51907348632812,10781.5576171875,570.921875
2018-08-20,98.1239776611328,10910.0888671875,584.80029296875
2018-08-21,98.78337097167967,10890.1591796875,587.2626953125
2018-08-22,99.96529388427734,11033.634765625,592.5231323242188
2018-08-23,98.28572845458984,10910.0888671875,587.3186645507812
2018-08-24,99.21878814697266,10974.8505859375,601.5889282226562
2018-08-27,99.65424346923828,11031.642578125,611.7179565429688
2018-08-28,102.76455688476562,11208.9951171875,606.6254272460938
2018-08-29,104.70539855957033,11296.6728515625,613.9005126953125
2018-08-30,104.50634002685548,11220.94921875,608.0244140625
2018-08-31,103.05071258544922,11179.103515625,607.800537109375
2018-09-03,104.8795928955078,11245.859375,612.1097412109375
2018-09-04,102.47842407226562,11208.9951171875,608.0803833007812
2018-09-05,101.88123321533205,11095.408203125,597.4476318359375
2018-09-06,101.7070770263672,11165.154296875,592.6349487304688
2018-09-07,103.2248992919922,11159.1748046875,591.5158081054688
2018-09-10,105.75047302246094,11323.5751953125,595.9925537109375
2018-09-11,105.35234832763672,11414.244140625,602.9879150390625
2018-09-12,105.61361694335938,11522.845703125,606.06591796875
2018-09-13,105.45186614990234,11594.58203125,613.116943359375
2018-09-14,105.87487030029295,11482.9921875,608.3042602539062
2018-09-17,106.5840301513672,11497.9375,603.9393310546875
2018-09-18,107.8405990600586,11544.765625,603.3796997070312
2018-09-19,107.20608520507812,11608.533203125,605.7301025390625
2018-09-20,108.78611755371094,11662.3359375,614.7398681640625
2018-09-21,110.6149673461914,12028.9931640625,623.9736328125
2018-09-24,109.85607147216795,11872.568359375,625.6895141601562
2018-09-25,110.4283676147461,11913.4169921875,626.3899536132812
2018-09-26,106.72087860107422,11842.6748046875,621.0202026367188
2018-09-27,111.3490219116211,11786.87890625,637.071044921875
2018-09-28,110.6647491455078,11354.201171875,636.9544067382812
2018-10-01,110.24173736572266,11273.4423828125,632.3433837890625
2018-10-02,111.03797912597656,11195.673828125,629.5999755859375
2018-10-03,114.45931243896484,11331.2685546875,641.7987060546875
2018-10-04,113.21519470214844,11382.1171875,647.3435668945312
2018-10-05,110.78914642333984,11258.486328125,638.6469116210938
2018-10-08,110.98820495605467,11287.3984375,636.1371459960938
2018-10-09,112.21987915039062,11369.158203125,643.89990234375
2018-10-10,109.6943359375,11342.23828125,637.829833984375
2018-10-11,107.1298828125,11219.6005859375,621.6038818359375
2018-10-12,107.8735580444336,11136.84765625,616.9346313476562
2018-10-15,105.78353118896484,11055.091796875,601.1755981445312
2018-10-16,107.61713409423828,11230.5693359375,609.3470458984375
2018-10-17,109.82254791259766,11396.07421875,626.2732543945312
2018-10-18,106.42465209960938,11326.28515625,615.6505737304688
2018-10-19,102.8344268798828,11344.2314453125,612.4403076171875
2018-10-22,101.61631774902344,11257.4892578125,615.4754028320312
2018-10-23,102.20613861083984,11110.92578125,603.51025390625
2018-10-24,100.46231079101562,10992.279296875,588.9769897460938
2018-10-25,103.2191162109375,10869.64453125,592.71240234375
2018-10-26,100.052001953125,10581.501953125,577.7705688476562
2018-10-29,102.4753875732422,10647.306640625,584.4827880859375
2018-10-30,101.30859375,10670.23828125,581.7979125976562
2018-10-31,102.84723663330078,10967.353515625,601.1755981445312
2018-11-01,101.975341796875,11216.611328125,598.8410034179688
2018-11-02,101.2572784423828,11435.9580078125,607.3040161132812
2018-11-06,101.24446105957033,11530.67578125,602.693115234375
2018-11-07,101.03932189941406,11660.2890625,608.5298461914062
2018-11-08,100.5264129638672,11663.2802734375,598.6073608398438
2018-11-09,103.69351196289062,11654.306640625,606.603759765625
2018-11-12,103.19345092773438,11573.548828125,603.2183227539062
2018-11-13,105.14242553710938,11573.548828125,605.26123046875
2018-11-14,105.52710723876952,11648.3251953125,598.1989135742188
2018-11-15,105.38606262207033,11666.2724609375,597.3817749023438
2018-11-16,105.30912017822266,11679.2333984375,597.7320556640625
2018-11-19,104.65518188476562,11711.138671875,589.502197265625
2018-11-20,104.82188415527344,11707.150390625,586.5839233398438
2018-11-21,104.28335571289062,11784.919921875,592.8875732421875
2018-11-22,105.05265808105467,11840.751953125,587.517822265625
2018-11-23,105.69376373291016,11918.5205078125,584.8330078125
2018-11-26,104.03971862792967,11923.5048828125,582.498291015625
2018-11-27,103.34730529785156,12342.259765625,575.7278442382812
2018-11-28,101.96251678466795,12732.0986328125,581.9729614257812
2018-11-29,103.19345092773438,12653.333984375,585.4166870117188
2018-11-30,101.52655029296876,12700.193359375,585.2416381835938
2018-12-03,103.50118255615234,12778.9609375,597.2662353515625
2018-12-04,103.308837890625,12628.4072265625,588.899658203125
2018-12-05,101.53939056396484,12781.951171875,586.6400756835938
2018-12-06,101.14187622070312,12661.310546875,581.6934204101562
2018-12-07,101.52655029296876,12707.173828125,583.2811889648438
2018-12-10,100.01351928710938,12592.5146484375,578.7620239257812
2018-12-11,100.18021392822266,12700.193359375,574.0596313476562
2018-12-12,100.37254333496094,12851.7431640625,572.777099609375
2018-12-13,98.8338851928711,13180.7646484375,574.303955078125
2018-12-14,97.21826171875,13120.9423828125,571.7388916015625
2018-12-17,98.62872314453124,13309.380859375,584.9911499023438
2018-12-18,99.29547119140624,13172.787109375,584.624755859375
2018-12-19,98.7056655883789,13086.0458984375,592.01416015625
2018-12-20,98.1543197631836,13177.7724609375,587.8003540039062
2018-12-21,97.39779663085938,12975.3740234375,577.1129760742188
2018-12-24,98.65438079833984,12745.0625,570.8838500976562
2018-12-25,97.1541748046875,12517.7373046875,565.998291015625
2018-12-26,96.79512786865234,12828.8115234375,558.7921142578125
2018-12-27,97.43626403808594,12850.74609375,567.647216796875
2018-12-28,100.6546401977539,13034.19921875,572.6549682617188
2019-01-03,100.87261962890624,12954.4375,570.5175170898438
2019-01-04,99.8083724975586,13031.2099609375,579.9833374023438
2019-01-08,100.12852478027344,13089.0380859375,581.8154296875
2019-01-09,102.56971740722656,13189.73828125,593.9684448242188
2019-01-10,102.79647064208984,13303.3974609375,592.3806762695312
2019-01-11,103.0499496459961,13397.1201171875,593.9073486328125
2019-01-14,101.52921295166016,13349.2607421875,586.5789794921875
2019-01-15,100.4353485107422,13349.2607421875,583.097900390625
2019-01-16,100.46202087402344,13140.8818359375,582.0596923828125
2019-01-17,101.04898071289062,13242.580078125,582.1207885742188
2019-01-18,101.47584533691406,13319.3505859375,583.097900390625
2019-01-21,101.19571685791016,13313.3701171875,580.1666259765625
2019-01-22,99.98179626464844,13266.5078125,581.5712280273438
2019-01-23,99.4348602294922,13338.294921875,577.6015625
2019-01-24,97.87409973144533,13329.322265625,565.509765625
2019-01-25,99.26144409179688,13272.4921875,580.7772827148438
2019-01-28,99.9017562866211,13050.1513671875,581.6934204101562
2019-01-29,100.50204467773438,13220.6435546875,584.3804321289062
2019-01-30,102.14282989501952,13598.5205078125,596.1669921875
2019-01-31,101.39583587646484,13555.646484375,609.7855834960938
2019-02-01,104.850830078125,13493.8330078125,619.7400512695312
2019-02-04,105.66454315185548,13459.9326171875,628.4119873046875
2019-02-05,105.69121551513672,13547.6708984375,628.2899169921875
2019-02-06,106.99853515625,13649.369140625,622.3050537109375
2019-02-07,106.0513916015625,13609.4873046875,626.5798950195312
2019-02-08,104.94418334960938,13691.2451171875,624.2592163085938
2019-02-11,105.14429473876952,13661.333984375,629.8777465820312
2019-02-12,104.98422241210938,13739.1005859375,632.076171875
2019-02-13,103.29005432128906,13511.779296875,617.9078979492188
2019-02-14,103.29005432128906,13699.220703125,619.2515258789062
2019-02-15,104.87751007080078,13709.19140625,625.4806518554688
2019-02-18,103.29005432128906,13619.458984375,618.6408081054688
2019-02-19,102.66310119628906,13759.04296875,610.0909423828125
2019-02-20,104.3705825805664,14207.7060546875,615.465087890625
2019-02-21,104.01042175292967,14010.2939453125,606.0603637695312
2019-02-22,105.71791076660156,14080.0859375,611.6787719726562
2019-02-25,106.34486389160156,14550.6865234375,628.900634765625
2019-02-26,105.95803833007812,14377.2021484375,632.076171875
2019-02-27,105.79793548583984,14259.552734375,631.09912109375
2019-02-28,105.6778793334961,14072.111328125,628.2899169921875
2019-03-01,105.21100616455078,14058.15234375,628.4119873046875
2019-03-04,108.0790557861328,13753.060546875,636.1068725585938
2019-03-05,110.84038543701172,13729.1328125,631.09912109375
2019-03-06,110.29345703125,14399.13671875,628.7783813476562
2019-03-07,110.3868408203125,14399.13671875,623.4042358398438
2019-03-11,109.07953643798828,14121.9619140625,625.7249145507812
2019-03-12,108.53260803222656,14347.291015625,621.9385375976562
2019-03-13,111.32061767578124,13774.9951171875,620.9614868164062
2019-03-14,110.84038543701172,13904.609375,617.0531005859375
2019-03-15,112.0543212890625,14139.908203125,634.2747802734375
2019-03-18,113.94856262207033,14241.6064453125,631.8319091796875
2019-03-19,112.36111450195312,14295.4462890625,621.20556640625
2019-03-20,111.60075378417967,14255.5654296875,618.8850708007812
2019-03-21,112.0409698486328,14251.5751953125,619.6178588867188
2019-03-22,111.1872329711914,14237.619140625,619.0072021484375
2019-03-25,110.65362548828124,14257.5576171875,616.4423217773438
2019-03-26,111.81420135498048,14251.5751953125,618.396484375
2019-03-27,111.62744903564452,13880.6806640625,615.7095336914062
2019-03-28,113.66842651367188,13426.0341796875,626.5798950195312
2019-03-29,113.04145050048828,13565.619140625,626.09130859375
2019-04-01,115.65604400634766,14002.3173828125,628.900634765625
2019-04-02,115.8828353881836,14104.0166015625,636.7175903320312
2019-04-03,116.18965911865234,14199.7314453125,646.855224609375
2019-04-04,116.08293151855467,14205.7119140625,643.19091796875
2019-04-05,116.22966766357422,14299.43359375,638.4275512695312
2019-04-08,116.8166275024414,14251.5751953125,638.916015625
2019-04-09,114.65557098388672,14317.380859375,635.1297607421875
2019-04-10,114.70893096923828,14309.4052734375,635.49609375
2019-04-11,112.64130401611328,14207.7060546875,626.9463500976562
2019-04-12,114.24205017089844,14351.2783203125,630.7327880859375
2019-04-15,112.38780975341795,14349.28515625,633.908447265625
2019-04-16,115.18917083740234,14514.79296875,639.1603393554688
2019-04-17,114.32208251953124,14556.6689453125,633.2977905273438
2019-04-18,115.56266021728516,14466.9345703125,632.3204956054688
2019-04-19,116.25631713867188,14466.9345703125,639.77099609375
2019-04-22,116.44309997558594,14484.8818359375,643.6795654296875
2019-04-23,114.38877868652344,14387.171875,635.3740234375
2019-04-24,113.64173889160156,14273.5107421875,643.0689086914062
2019-04-25,113.60173797607422,14427.0537109375,638.1832275390625
2019-04-26,116.32302856445312,14676.3115234375,646.9774169921875
2019-04-29,114.0286102294922,14446.994140625,646.122314453125
2019-04-30,114.12198638916016,14299.43359375,638.3053588867188
2019-05-02,116.7765884399414,14237.619140625,643.4352416992188
2019-05-03,116.92835235595705,14195.7431640625,644.290283203125
2019-05-06,117.5216293334961,14357.26171875,650.3873291015625
2019-05-07,117.96314239501952,14109.9970703125,651.2691040039062
2019-05-08,116.33509826660156,14066.12890625,647.7418823242188
2019-05-10,112.15467071533205,13880.6806640625,628.9722900390625
2019-05-13,110.0299301147461,13928.5380859375,622.2957763671875
2019-05-14,109.93336486816406,13918.5673828125,619.2724609375
2019-05-15,109.79539489746094,13814.875,616.8790893554688
2019-05-16,108.89859008789062,13591.541015625,615.1154174804688
2019-05-17,107.9052276611328,13549.6650390625,612.9739379882812
2019-05-20,108.8434066772461,13318.35546875,616.3750610351562
2019-05-21,111.2026824951172,13507.791015625,627.2086181640625
2019-05-22,112.0994644165039,13741.0966796875,635.144775390625
2019-05-23,110.7887725830078,13479.8740234375,627.3346557617188
2019-05-24,113.1342315673828,13561.630859375,628.7202758789062
2019-05-27,113.7274932861328,13669.310546875,631.23974609375
2019-05-28,118.3080596923828,13599.517578125,648.6237182617188
2019-05-29,117.81136322021484,13667.3154296875,654.4183349609375
2019-05-30,119.2600326538086,13659.3388671875,660.2129516601562
2019-05-31,118.87374114990234,13677.2841796875,652.7807006835938
2019-06-03,119.34281158447266,13729.1328125,655.0482177734375
2019-06-04,118.81852722167967,13755.0546875,657.4417114257812
2019-06-05,118.48741149902344,13703.2080078125,653.4105224609375
2019-06-06,120.10163116455078,13747.0791015625,660.2129516601562
2019-06-07,119.0116958618164,13761.037109375,661.3466796875
2019-06-10,119.4945831298828,13810.88671875,667.6453247070312
2019-06-11,122.80584716796876,14261.5458984375,683.265625
2019-06-13,125.55140686035156,14632.4423828125,696.6185302734375
2019-06-14,126.3791961669922,14558.6611328125,706.0663452148438
2019-06-17,125.55140686035156,14462.947265625,689.1751708984375
2019-06-18,126.18397521972656,14706.22265625,703.3541259765625
2019-06-19,124.47315216064452,14823.873046875,704.9151000976562
2019-06-20,123.19361877441406,14189.61328125,714.9314575195312
2019-06-21,123.42363739013672,14145.720703125,713.7608032226562
2019-06-24,120.76396942138672,14237.4990234375,704.3948364257812
2019-06-25,122.8917465209961,14026.0107421875,712.4598999023438
2019-06-26,120.0451202392578,14113.798828125,711.5493774414062
2019-06-27,122.5610580444336,14133.75,707.3866577148438
2019-06-28,114.79766845703124,14273.41015625,694.3785400390625
2019-07-01,114.29446411132812,14201.5849609375,696.4597778320312
2019-07-02,115.2864761352539,14385.140625,699.1915283203125
2019-07-03,113.34561157226562,14397.111328125,701.4029541015625
2019-07-04,113.07245635986328,14245.4794921875,692.6873779296875
2019-07-05,112.72743225097656,14415.0673828125,684.1021118164062
2019-07-08,113.9494400024414,14331.26953125,693.3377685546875
2019-07-09,113.28812408447266,14257.4501953125,696.85009765625
2019-07-10,111.87920379638672,14235.5029296875,702.0534057617188
2019-07-11,109.62206268310548,14111.802734375,685.6630249023438
2019-07-12,109.20513916015624,14159.6875,679.2888793945312
2019-07-15,110.77220153808594,14231.513671875,678.7686157226562
2019-07-16,112.1379852294922,14405.0927734375,682.541015625
2019-07-17,112.4111328125,14444.9951171875,685.9231567382812
2019-07-18,112.10922241210938,14734.2939453125,691.906982421875
2019-07-19,111.80731201171876,14865.9755859375,678.638671875
2019-07-22,111.92232513427734,14616.5791015625,686.833740234375
2019-07-23,112.23863220214844,14632.541015625,683.5817260742188
2019-07-24,111.04535675048828,14612.5888671875,672.3946533203125
2019-07-25,110.82969665527344,14554.7294921875,675.646728515625
2019-07-26,109.11888122558594,14357.2080078125,667.8417358398438
2019-07-29,108.88885498046876,14381.150390625,669.2725830078125
2019-07-30,108.1700210571289,14474.921875,666.0205688476562
2019-07-31,108.47191619873048,14610.5927734375,669.142578125
2019-08-01,107.69559478759766,14413.0732421875,662.7686157226562
2019-08-02,105.8266372680664,14285.3818359375,650.6709594726562
2019-08-05,104.6189956665039,14157.69140625,645.2074584960938
2019-08-06,104.08705139160156,14446.990234375,643.2562255859375
2019-08-07,104.14456939697266,14664.4638671875,642.08544921875
2019-08-08,103.92889404296876,15047.5341796875,643.3862915039062
2019-08-09,102.40496826171876,14764.22265625,631.2886962890625
2019-08-12,103.15255737304688,14987.6796875,630.63818359375
2019-08-13,101.93054962158205,14822.0810546875,620.4918212890625
2019-08-14,101.62864685058594,14768.2119140625,616.1990966796875
2019-08-15,100.16221618652344,14887.9228515625,613.3373413085938
2019-08-16,99.41463470458984,14616.5791015625,603.84130859375
2019-08-19,100.56475067138672,14722.3232421875,615.28857421875
2019-08-20,100.63665008544922,15113.375,622.7031860351562
2019-08-21,101.52801513671876,15083.4482421875,620.6218872070312
2019-08-22,101.18295288085938,15422.6259765625,613.9876708984375
2019-08-23,102.3618392944336,15344.8134765625,615.28857421875
2019-08-26,102.17495727539062,15302.916015625,615.93896484375
2019-08-27,102.98003387451172,15348.8056640625,619.8413696289062
2019-08-28,103.19568634033205,15392.6982421875,623.6138305664062
2019-08-29,105.16529083251952,15520.388671875,636.752197265625
2019-08-30,106.99111938476562,16049.107421875,652.2318115234375
2019-09-02,106.1716537475586,16460.11328125,652.3619384765625
2019-09-03,103.5119857788086,16300.4990234375,644.2967529296875
2019-09-04,103.5119857788086,16460.11328125,641.6952514648438
2019-09-05,104.54711151123048,16350.3779296875,651.4513549804688
2019-09-06,105.424072265625,16158.841796875,645.727783203125
2019-09-09,107.1061553955078,15901.4658203125,649.2399291992188
2019-09-10,107.09176635742188,15905.4560546875,653.6627807617188
2019-09-11,107.79623413085938,15965.3115234375,664.7197265625
2019-09-12,106.21478271484376,15911.44140625,662.5083618164062
2019-09-13,106.71797943115234,15612.166015625,659.5165405273438
2019-09-16,107.03426361083984,15807.693359375,668.0136108398438
2019-09-17,107.23553466796876,15791.7314453125,667.2120361328125
2019-09-18,105.63972473144533,16061.0791015625,659.19580078125
2019-09-19,104.00077056884766,15915.4326171875,645.96923828125
2019-09-20,104.01515197753906,16089.0107421875,644.6331176757812
2019-09-23,102.3618392944336,16268.576171875,637.685791015625
2019-09-24,102.5631103515625,16057.0888671875,629.4024658203125
2019-09-25,101.41297912597656,16232.6640625,631.27294921875
2019-09-26,101.84427642822266,16348.3818359375,635.1473388671875
2019-09-27,102.05992889404295,16428.189453125,630.8720703125
2019-09-30,102.23245239257812,16645.6640625,623.3903198242188
2019-10-01,101.06795501708984,16679.580078125,617.1109619140625
2019-10-02,98.1207275390625,16629.69921875,602.2810668945312
2019-10-03,96.32364654541016,16561.865234375,589.3215942382812
2019-10-04,94.79972839355467,15864.3203125,585.7142944335938
2019-10-07,94.46906280517578,16018.033203125,587.8519897460938
2019-10-08,94.5840835571289,16000.068359375,587.0504150390625
2019-10-09,94.65802001953124,16073.9287109375,583.1758422851562
2019-10-10,96.83220672607422,16109.861328125,597.2040405273438
2019-10-11,96.1666259765625,16047.9765625,596.8034057617188
2019-10-14,95.79686737060548,15916.224609375,590.3904418945312
2019-10-15,92.8240203857422,15992.08203125,582.1070556640625
2019-10-16,95.30879974365234,16137.80859375,592.9288940429688
2019-10-17,95.78208923339844,16113.8544921875,594.5320434570312
2019-10-18,95.24962615966795,16219.6552734375,588.5199584960938
2019-10-21,93.62269592285156,16275.5517578125,581.83984375
2019-10-22,93.6374969482422,16431.2578125,586.5159912109375
2019-10-23,93.17899322509766,16513.107421875,585.1798706054688
2019-10-24,92.43946838378906,17098.013671875,585.9815063476562
2019-10-25,91.27104949951172,17167.8828125,586.783203125
2019-10-28,92.0401382446289,17680.921875,591.8599853515625
2019-10-29,95.5454330444336,17914.484375,603.4834594726562
2019-10-30,94.28825378417967,18158.029296875,597.8721923828125
2019-10-31,92.4690399169922,17854.59765625,589.3215942382812
2019-11-01,93.28253173828124,18152.041015625,596.6697387695312
2019-11-05,95.4123306274414,18106.126953125,610.5645141601562
2019-11-06,97.02447509765624,18269.8203125,616.9773559570312
2019-11-07,98.51829528808594,18671.0703125,622.0543212890625
2019-11-08,96.90614318847656,18485.41796875,607.6251220703125
2019-11-11,95.35315704345705,18078.177734375,597.8721923828125
2019-11-12,95.61939239501952,17609.05859375,601.2123413085938
2019-11-13,95.5454330444336,17389.466796875,594.3984985351562
2019-11-14,93.1346206665039,17393.458984375,588.3864135742188
2019-11-15,93.65228271484376,17646.986328125,588.787109375
2019-11-18,93.71144104003906,17325.5859375,590.5239868164062
2019-11-19,95.08694458007812,17559.150390625,604.28515625
2019-11-20,94.85028076171876,17613.046875,603.21630859375
2019-11-21,93.53395080566406,17625.02734375,598.27294921875
2019-11-22,94.52490997314452,17443.3671875,602.4146728515625
2019-11-25,96.80261993408205,17311.611328125,612.5685424804688
2019-11-26,94.7911376953125,17207.806640625,607.6251220703125
2019-11-27,94.51012420654295,17179.861328125,608.6940307617188
2019-11-28,94.87987518310548,17139.93359375,606.4227905273438
2019-11-29,95.70812225341795,17014.169921875,606.5563354492188
2019-12-02,97.2611083984375,17062.08203125,609.635498046875
2019-12-03,94.68759155273438,17271.6875,602.471435546875
2019-12-04,95.29400634765624,17213.796875,603.0225219726562
2019-12-05,97.46817779541016,17589.09375,606.7423095703125
2019-12-06,98.35559844970705,18014.298828125,608.2578735351562
2019-12-09,98.23728942871094,18385.603515625,614.1819458007812
2019-12-10,98.20769500732422,18443.494140625,612.253173828125
2019-12-11,99.02116394042967,18643.123046875,617.6262817382812
2019-12-12,100.17481231689452,18892.658203125,620.6571655273438
2019-12-13,101.97923278808594,19437.634765625,632.6432495117188
2019-12-16,102.91100311279295,19685.171875,635.8119506835938
2019-12-17,103.08848571777344,19467.580078125,640.6339111328125
2019-12-18,103.45824432373048,19589.3515625,639.6694946289062
2019-12-19,104.55274963378906,19759.03515625,639.5317993164062
2019-12-20,105.35140991210938,19739.07421875,638.1541137695312
2019-12-23,105.41057586669922,19639.2578125,640.6339111328125
2019-12-24,104.98165130615234,19593.34375,638.8428955078125
2019-12-25,104.86334228515624,19852.859375,638.016357421875
2019-12-26,105.76554870605467,19190.14453125,640.220703125
2019-12-27,106.06134033203124,19262.03125,646.2825317382812
2019-12-30,106.283203125,19072.328125,645.8692016601562
2020-01-03,106.86003875732422,19417.7890625,651.517822265625
2020-01-06,104.96687316894533,19557.572265625,639.945068359375
2020-01-08,105.5570831298828,19819.1640625,638.7051391601562
2020-01-09,107.41851043701172,19807.18359375,639.3941040039062
2020-01-10,108.67462158203124,19847.123046875,645.7315063476562
2020-01-13,111.11112213134766,20330.369140625,661.437255859375
2020-01-14,111.17164611816406,19968.93359375,666.6725463867188
2020-01-15,110.8538589477539,20364.31640625,661.437255859375
2020-01-16,111.67105865478516,20867.533203125,663.6417236328125
2020-01-17,113.65357971191406,21490.564453125,673.1478881835938
2020-01-20,112.57909393310548,21816.056640625,682.37841796875
2020-01-21,111.5045928955078,21416.681640625,674.1121826171875
2020-01-22,108.9924087524414,21276.896484375,660.74853515625
2020-01-23,109.11348724365234,21113.15234375,662.6773071289062
2020-01-24,109.71884155273438,21155.0859375,658.681884765625
2020-01-27,108.32653045654295,21067.22265625,640.6339111328125
2020-01-28,109.05294799804688,21248.94140625,646.5580444335938
2020-01-29,109.11348724365234,21197.021484375,648.3491821289062
2020-01-30,108.82594299316406,20847.564453125,641.3228149414062
2020-01-31,104.42205810546876,20767.689453125,627.8212890625
2020-02-03,102.89356231689452,20378.29296875,622.8615112304688
2020-02-04,104.7398681640625,20865.537109375,628.5101928710938
2020-02-05,105.04255676269533,21282.88671875,636.0874633789062
2020-02-06,105.51168060302734,21207.005859375,637.189697265625
2020-02-07,105.9202880859375,21167.068359375,644.353759765625
2020-02-10,104.10425567626952,21408.69140625,635.1231689453125
2020-02-11,103.81670379638672,21875.96484375,636.0874633789062
2020-02-12,106.87371826171876,21931.876953125,646.144775390625
2020-02-13,105.28466796875,21476.5859375,637.8784790039062
2020-02-14,106.17756652832033,21496.556640625,639.2562255859375
2020-02-17,106.25322723388672,21756.150390625,636.9141235351562
2020-02-18,105.10306549072266,21784.109375,630.0255737304688
2020-02-19,105.26953887939452,22485.017578125,629.6123046875
2020-02-20,105.9202880859375,22307.294921875,630.8522338867188
2020-02-21,105.79923248291016,22185.484375,625.4791870117188
2020-02-25,104.21018981933594,21520.517578125,613.0797119140625
2020-02-26,103.46864318847656,21792.095703125,610.5999755859375
2020-02-27,99.4279556274414,21205.009765625,596.134033203125
2020-02-28,94.53980255126952,20218.544921875,561.1401977539062
2020-03-02,92.45134735107422,20128.68359375,558.3848266601562
2020-03-03,92.58757019042967,20681.822265625,565.1356201171875
2020-03-04,93.19292449951172,20723.7578125,569.6819458007812
2020-03-05,94.1160659790039,20747.720703125,571.74853515625
2020-03-06,90.46885681152344,21728.1953125,557.0071411132812
2020-03-10,89.31868743896484,21197.021484375,571.0596923828125
2020-03-11,91.33147430419922,20206.5625,567.6154174804688
2020-03-12,84.09757995605469,18471.26171875,535.1015625
2020-03-13,84.09757995605469,18009.978515625,535.1015625
2020-03-16,84.09757995605469,18009.978515625,535.1015625
2020-03-17,81.57028198242188,17153.3125,551.3585205078125
2020-03-18,76.50050354003906,17153.3125,537.305908203125
2020-03-19,82.03941345214844,16226.75390625,559.3493041992188
2020-03-20,84.41539764404297,16332.5888671875,559.7625122070312
2020-03-23,81.99401092529297,16214.7724609375,546.6742553710938
2020-03-24,87.8355941772461,18998.443359375,581.2546997070312
2020-03-25,92.4059600830078,19899.041015625,587.8677368164062
2020-03-26,90.62018585205078,20068.77734375,584.6990966796875
2020-03-27,88.0777359008789,19276.009765625,568.5798950195312
2020-03-30,89.87863159179688,19431.767578125,581.116943359375
2020-03-31,93.8285140991211,19487.68359375,596.9606323242188
2020-04-01,92.92050170898438,18922.560546875,584.4235229492188
2020-04-02,92.8448257446289,18968.490234375,592.1386108398438
2020-04-03,94.46412658691406,19002.435546875,607.5690307617188
2020-04-06,98.36862182617188,19559.568359375,615.0086059570312
2020-04-07,100.0635757446289,19749.271484375,611.7021484375
2020-04-08,100.6386489868164,20132.677734375,619.4172973632812
2020-04-09,100.98672485351562,21105.166015625,623.41259765625
2020-04-10,99.56417083740234,20617.921875,619.9683837890625
2020-04-13,98.30807495117188,20068.77734375,607.7067260742188
2020-04-14,97.64219665527344,20669.841796875,619.279541015625
2020-04-15,94.82733154296876,19615.482421875,593.2407836914062
2020-04-16,94.96354675292967,19489.67578125,590.6231689453125
2020-04-17,95.41755676269533,19687.369140625,595.5828857421875
2020-04-20,96.47689819335938,20004.87890625,602.1959838867188
2020-04-21,94.49439239501952,19210.11328125,596.54736328125
2020-04-22,94.96354675292967,19583.529296875,598.3383178710938
2020-04-23,96.4466323852539,20184.59765625,599.302734375
2020-04-24,94.46412658691406,20118.69921875,594.0674438476562
2020-04-27,93.19292449951172,20002.87890625,598.6138916015625
2020-04-28,95.03921508789062,20022.84765625,599.302734375
2020-04-29,96.17423248291016,20564.0078125,603.1603393554688
2020-04-30,97.11251831054688,20446.189453125,612.80419921875
2020-05-04,94.4338607788086,20094.736328125,599.9915771484375
2020-05-05,94.64573669433594,20002.87890625,601.5070190429688
2020-05-06,93.87391662597656,19909.025390625,599.716064453125
2020-05-07,94.50952911376952,20192.58203125,598.7516479492188
2020-05-08,94.58519744873048,20112.708984375,600.26708984375
2020-05-12,92.39081573486328,20983.353515625,587.8677368164062
2020-05-13,89.47002410888672,20729.74609375,577.2594604492188
2020-05-14,88.74362182617188,20072.76953125,567.2022094726562
2020-05-15,89.59110260009766,20174.61328125,567.7532348632812
2020-05-18,94.31279754638672,21440.642578125,593.10302734375
2020-05-19,94.60033416748048,21885.947265625,594.0674438476562
2020-05-20,96.93092346191406,22916.345703125,609.22216796875
2020-05-21,95.11486053466795,22500.994140625,594.8939819335938
2020-05-22,97.06710052490234,21973.4453125,600.6803588867188
2020-05-25,100.03330993652344,22364.935546875,625.4791870117188
2020-05-26,101.39533233642578,22089.296875,623.41259765625
2020-05-27,102.68169403076172,22081.306640625,629.75
2020-05-28,105.02740478515624,22514.7421875,647.5224609375
2020-05-29,104.24046325683594,22081.306640625,643.8026123046875
2020-06-01,104.21018981933594,21997.416015625,646.8336791992188
2020-06-02,104.54312896728516,22191.1640625,650.966796875
2020-06-03,105.84461975097656,21795.6796875,657.5797729492188
2020-06-04,105.07280731201172,19974.044921875,647.9358520507812
2020-06-05,107.44878387451172,20373.525390625,653.7222290039062
2020-06-08,106.44300842285156,20475.392578125,650.27783203125
2020-06-09,105.9942626953125,20221.72265625,653.0333251953125
2020-06-10,107.27857208251952,20213.732421875,654.6866455078125
2020-06-11,104.91112518310548,19456.71875,646.8336791992188
2020-06-15,101.739013671875,19033.267578125,642.3114013671875
2020-06-16,103.17807006835938,19446.73046875,642.8959350585938
2020-06-17,106.2108917236328,19231.009765625,645.5259399414062
2020-06-18,106.62870025634766,18901.4375,638.8047485351562
2020-06-19,107.43331146240234,18979.337890625,637.197509765625
2020-06-22,106.69058227539062,19045.25,633.3986206054688
2020-06-23,107.88204193115234,19614.51171875,639.3892211914062
2020-06-25,106.5667953491211,19724.3671875,628.1385498046875
2020-06-26,106.25730895996094,19700.400390625,622.7323608398438
2020-06-29,107.4642562866211,19109.16796875,623.1707153320312
2020-06-30,109.027099609375,18677.728515625,633.1063232421875
2020-07-02,109.04256439208984,18677.728515625,634.1290893554688
2020-07-03,110.89940643310548,18963.357421875,646.5487060546875
2020-07-06,111.02318572998048,18092.490234375,657.21484375
2020-07-07,111.10055541992188,18601.828125,654.4387817382812
2020-07-08,110.17213439941406,18915.419921875,651.3704223632812
2020-07-09,108.2379379272461,18563.876953125,639.2431030273438
2020-07-10,106.97891235351562,18521.931640625,642.8959350585938
2020-07-13,108.15084075927734,17980.6328125,641.1424560546875
2020-07-14,108.64177703857422,17657.056640625,640.1198120117188
2020-07-15,109.63951873779295,17826.8359375,644.3571166992188
2020-07-16,109.3227767944336,18094.48828125,642.6036376953125
2020-07-17,108.84767150878906,18342.1640625,642.0192260742188
2020-07-20,109.59200286865234,18380.1171875,646.2564697265625
2020-07-21,110.6055679321289,18396.095703125,654.1466064453125
2020-07-22,111.80918884277344,18210.3359375,654.00048828125
2020-07-23,112.5851821899414,18799.568359375,654.73095703125
2020-07-24,114.32726287841795,18973.345703125,653.1237182617188
2020-07-27,115.34082794189452,19684.419921875,666.4200439453125
2020-07-28,116.63946533203124,19638.48046875,672.7029418945312
2020-07-29,116.27520751953124,19742.345703125,675.6251831054688
2020-07-30,114.81822204589844,19576.560546875,661.7444458007812
2020-07-31,114.42229461669922,19586.548828125,662.7672119140625
2020-08-03,114.8974151611328,20035.962890625,670.0728759765625
2020-08-04,117.9856185913086,20333.576171875,680.8851928710938
2020-08-05,117.9539566040039,20842.9140625,688.1907958984375
2020-08-06,118.20733642578124,20773.005859375,686.4375
2020-08-07,118.17565155029295,20299.62109375,675.0407104492188
2020-08-10,122.26158905029295,20505.35546875,680.7391357421875
2020-08-11,125.74576568603516,20525.328125,693.3048095703125
2020-08-12,128.46969604492188,20733.05859375,710.6921997070312
2020-08-13,126.75931549072266,20886.857421875,708.3543090820312
2020-08-14,126.3475341796875,20729.0625,705.5781860351562
2020-08-17,125.74576568603516,20543.3046875,703.0942993164062
2020-08-18,126.71180725097656,20792.98046875,701.9254760742188
2020-08-19,127.48780822753906,20527.32421875,707.7699584960938
2020-08-20,126.61675262451172,19876.169921875,697.1036987304688
2020-08-21,126.87017059326172,19918.1171875,701.0487060546875
2020-08-24,126.85431671142578,19932.09765625,703.3865356445312
2020-08-25,126.93353271484376,19804.265625,703.0942993164062
2020-08-26,126.56925964355467,19940.087890625,702.6559448242188
2020-08-27,125.74576568603516,19610.515625,695.4965209960938
2020-08-28,123.38603973388672,19346.859375,689.798095703125
2020-08-31,122.57833099365234,19340.8671875,680.8851928710938
2020-09-01,127.50365447998048,19878.169921875,690.382568359375
2020-09-02,128.1846466064453,19954.0703125,693.1586303710938
2020-09-03,128.83395385742188,19966.0546875,691.8436889648438
2020-09-04,127.94711303710938,19864.1875,688.1907958984375
2020-09-07,126.82266235351562,19990.0234375,690.745849609375
2020-09-08,126.3634033203125,19874.173828125,690.745849609375
2020-09-09,126.2842025756836,19630.490234375,702.6296997070312
2020-09-10,127.12355041503906,19706.392578125,721.3466796875
2020-09-11,129.4515838623047,19324.888671875,720.009765625
2020-09-14,131.89048767089844,19460.7109375,732.1906127929688
2020-09-15,133.6642608642578,19574.5625,740.063720703125
2020-09-16,132.66651916503906,19246.98828125,733.5275268554688
2020-09-17,133.07827758789062,19416.76953125,734.2703247070312
2020-09-18,132.08055114746094,19304.9140625,728.62548828125
2020-09-21,131.33619689941406,18595.8359375,715.9989013671875
2020-09-22,131.74795532226562,18597.830078125,723.27783203125
2020-09-23,131.2886962890625,18877.46875,721.9408569335938
2020-09-24,132.76153564453125,18739.6484375,725.0603637695312
2020-09-25,133.39500427246094,18825.537109375,730.705078125
2020-09-28,135.16873168945312,18749.634765625,727.8828125
2020-09-29,138.11444091796875,18723.66796875,746.1539916992188
2020-09-30,136.4198760986328,18781.59375,738.4296264648438
2020-10-01,136.0556182861328,18707.69140625,739.9151000976562
2020-10-02,137.40176391601562,18843.513671875,744.2230224609375
2020-10-05,137.76602172851562,19201.048828125,748.2338256835938
2020-10-06,137.2908935546875,18873.474609375,740.50927734375
2020-10-07,136.879150390625,18591.83984375,737.538330078125
2020-10-08,137.6234893798828,18923.41015625,742.7374877929688
2020-10-09,137.90841674804688,19412.7734375,742.7374877929688
2020-10-12,140.96945190429688,19504.654296875,750.1648559570312
2020-10-13,136.80125427246094,19608.51953125,738.1325073242188
2020-10-14,138.39688110351562,19748.337890625,746.748291015625
2020-10-15,138.39688110351562,19748.337890625,746.748291015625
2020-10-16,138.39688110351562,19748.337890625,746.748291015625
2020-10-19,138.46202087402344,19888.15625,736.9441528320312
2020-10-20,140.39956665039062,20151.8125,747.490966796875
2020-10-21,139.04818725585938,19804.265625,748.3822631835938
2020-10-22,146.17967224121094,19654.458984375,784.6279296875
2020-10-23,146.440185546875,19764.31640625,789.9756469726562
2020-10-26,147.07518005371094,19538.609375,794.2835083007812
2020-10-27,147.1891632080078,19195.056640625,789.678466796875
2020-10-28,146.0819854736328,18623.798828125,776.0121459960938
2020-10-29,147.4333953857422,18971.345703125,782.1026000976562
2020-10-30,151.27593994140625,18921.412109375,807.5042114257812
2020-11-02,153.44142150878906,19298.921875,811.6635131835938
2020-11-03,154.9882354736328,19532.619140625,819.68505859375
2020-11-05,152.0411834716797,19670.439453125,797.5515747070312
2020-11-06,153.47401428222656,20137.83203125,810.029541015625
2020-11-09,156.20938110351562,20663.150390625,814.9314575195312
2020-11-10,156.1442413330078,20605.224609375,808.5440673828125
2020-11-11,158.032958984375,20603.228515625,813.2974853515625
2020-11-12,157.90269470214844,20477.390625,814.1887817382812
2020-11-13,159.87283325195312,20409.478515625,818.34814453125
2020-11-16,163.56883239746094,20649.16796875,840.6303100585938
2020-11-17,158.83078002929688,20533.318359375,825.1814575195312
2020-11-18,156.90951538085938,20741.046875,832.1631469726562
2020-11-19,155.29759216308594,20639.181640625,816.1199951171875
2020-11-20,155.2650146484375,20725.068359375,820.1307373046875
2020-11-23,154.6463165283203,20962.759765625,826.2212524414062
2020-11-24,157.23513793945312,21436.14453125,846.1265869140625
2020-11-25,158.55398559570312,21434.146484375,837.3623046875
2020-11-26,160.73577880859375,21573.966796875,849.5432739257812
2020-11-27,161.20794677734375,21709.791015625,851.7714233398438
2020-11-30,157.2677001953125,21488.078125,837.0651245117188
2020-12-01,159.10757446289062,21839.62109375,846.4236450195312
2020-12-02,164.78997802734375,22868.283203125,868.40869140625
2020-12-03,155.16732788085938,23171.888671875,851.1771850585938
2020-12-04,155.9163055419922,23123.94921875,877.1729736328125
2020-12-07,160.5078125,23050.046875,894.9210815429688
2020-12-08,161.3544921875,22800.373046875,892.006591796875
2020-12-09,161.20794677734375,23191.86328125,903.3579711914062
2020-12-10,163.0152587890625,23890.955078125,918.0841064453124
2020-12-11,166.09255981445312,23918.91796875,935.2647094726562
2020-12-14,171.04226684570312,23888.95703125,971.0062255859376
2020-12-15,171.04226684570312,23441.537109375,966.4044189453124
2020-12-16,173.8264923095703,23267.763671875,973.9208984375
2020-12-17,173.04495239257812,23435.544921875,954.1324462890624
2020-12-18,174.1195526123047,23435.544921875,969.9324340820312
2020-12-21,170.27700805664062,23223.822265625,960.2684936523438
2020-12-22,175.66635131835938,23703.19921875,984.1983642578124
2020-12-23,177.31082153320312,23316.048828125,996.1633911132812
2020-12-24,178.58082580566406,23206.162109375,1013.8041381835938
2020-12-25,182.2279815673828,23338.02734375,1041.2623291015625
2020-12-28,184.0635986328125,23611.74609375,1054.60791015625
2020-12-29,176.01708984375,23613.744140625,1024.8486328125
2020-12-30,174.59219360351562,23651.705078125,1010.8895874023438
2021-01-04,180.1912078857422,24514.818359375,1026.996337890625
2021-01-05,181.80050659179688,24554.77734375,1023.1614990234376
2021-01-06,180.5935516357422,25018.302734375,1019.0195922851562
2021-01-08,180.5935516357422,25018.302734375,1019.0195922851562
2021-01-11,183.0074920654297,26310.974609375,1029.9110107421875
2021-01-12,182.63868713378903,25729.5703125,1021.7808837890624
2021-01-13,179.72183227539062,25965.328125,1002.9129028320312
2021-01-14,187.0810089111328,26342.939453125,1047.398193359375
2021-01-15,183.8121490478516,25713.5859375,1037.12060546875
2021-01-18,183.4936370849609,25759.5390625,1036.660400390625
2021-01-19,183.5606842041016,25731.568359375,1026.5362548828125
2021-01-20,187.5336456298828,26458.8203125,1027.45654296875
2021-01-21,186.09197998046875,26446.833984375,1028.5302734375
2021-01-22,183.9797821044922,26139.150390625,1014.5712890625
2021-01-25,183.7115478515625,25805.4921875,999.844970703125
2021-01-26,183.3762969970703,25755.54296875,1008.8953857421876
2021-01-27,182.73927307128903,25064.255859375,983.8916625976562
2021-01-28,179.4703826904297,25176.138671875,980.6702270507812
2021-01-29,175.96681213378906,24337.0,965.9441528320312
2021-02-01,176.2685546875,24680.6484375,979.1362915039062
2021-02-02,178.6322021484375,24920.40234375,989.7207641601562
2021-02-03,178.0957794189453,25144.171875,978.5228271484376
2021-02-04,177.8275604248047,25673.626953125,988.8003540039062
2021-02-05,175.59800720214844,25270.04296875,984.3518676757812
2021-02-08,178.062255859375,25715.5859375,994.1693115234376
2021-02-09,173.6031494140625,25353.95703125,984.3518676757812
2021-02-10,172.99966430664062,25329.982421875,984.3518676757812
2021-02-11,173.15054321289062,25557.74609375,980.82373046875
2021-02-12,174.10604858398438,25363.947265625,985.5789794921876
2021-02-15,173.4019775390625,26263.021484375,985.5789794921876
2021-02-16,174.323974609375,26107.181640625,996.010009765625
2021-02-17,172.228515625,26253.033203125,990.0275268554688
2021-02-18,171.5747528076172,26694.578125,983.4314575195312
2021-02-19,174.87718200683594,28111.125,1003.5264892578124
2021-02-22,179.30274963378906,25879.416015625,1023.9285278320312
2021-02-24,176.38589477539062,24346.990234375,994.7827758789062
2021-02-25,183.57745361328125,23346.01953125,1038.347900390625
2021-02-26,186.22608947753903,23403.9609375,1029.9110107421875
2021-03-01,187.9527282714844,24117.2265625,1050.61962890625
2021-03-02,186.05844116210935,23711.642578125,1042.336181640625
2021-03-03,189.89730834960935,23246.12109375,1057.3690185546875
2021-03-04,185.6561279296875,22400.990234375,1037.4273681640625
2021-03-05,177.7437286376953,21979.421875,1019.4799194335938
2021-03-09,175.76564025878906,22818.560546875,1000.918701171875
2021-03-10,175.01129150390625,23076.296875,1025.6158447265625
2021-03-11,178.86688232421875,23262.10546875,1042.9495849609375
2021-03-12,180.96234130859372,23647.708984375,1078.537841796875
2021-03-15,181.3311462402344,23875.474609375,1096.1785888671875
2021-03-16,180.97911071777344,23088.283203125,1102.9281005859375
2021-03-17,180.05711364746094,22692.689453125,1094.1844482421875
2021-03-18,183.4936370849609,22720.662109375,1095.2581787109375
2021-03-19,182.30343627929688,22646.736328125,1091.42333984375
2021-03-22,183.1751251220703,22684.69921875,1083.75341796875
2021-03-23,178.8836669921875,22233.162109375,1061.2039794921875
2021-03-24,182.11903381347656,21380.0390625,1081.91259765625
2021-03-25,182.55487060546875,21016.41015625,1061.9708251953125
2021-03-26,188.42210388183597,21913.490234375,1085.134033203125
2021-03-29,192.42860412597656,23018.35546875,1108.1436767578125
2021-03-30,197.5079498291016,23190.177734375,1137.7493896484375
2021-03-31,203.22433471679688,23683.671875,1179.93359375
2021-04-01,198.0108642578125,23717.63671875,1152.4754638671875
2021-04-02,200.13983154296875,23795.55859375,1169.656005859375
2021-04-05,197.5414581298828,23717.63671875,1154.7763671875
2021-04-06,199.63690185546875,23162.208984375,1156.770751953125
2021-04-07,201.7491149902344,23579.779296875,1166.2813720703125
2021-04-08,203.89483642578125,23763.58984375,1188.5238037109375
2021-04-09,205.3197479248047,24414.921875,1180.54736328125
2021-04-12,213.70152282714844,25335.974609375,1228.4073486328125
2021-04-13,213.73504638671875,25268.044921875,1255.0985107421875
2021-04-14,210.43263244628903,24932.390625,1232.8558349609375
2021-04-15,212.4610290527344,25064.255859375,1274.7333984375
2021-04-16,221.5133209228516,25453.853515625,1344.9893798828125
2021-04-19,219.4681701660156,25210.103515625,1330.570068359375
2021-04-20,218.3282623291016,25158.158203125,1332.25732421875
2021-04-21,223.64230346679688,25214.1015625,1386.8668212890625
2021-04-22,228.18521118164065,25729.5703125,1441.7833251953125
2021-04-23,230.2471618652344,25753.544921875,1442.3968505859375
2021-04-26,234.77330017089844,26382.8984375,1445.7716064453125
2021-04-27,227.64878845214844,26922.345703125,1391.0086669921875
2021-04-28,224.8827972412109,26265.021484375,1375.3621826171875
2021-04-29,224.37991333007807,26279.005859375,1378.73681640625
2021-04-30,222.535888671875,25709.591796875,1363.7039794921875
2021-05-04,221.8150787353516,26145.14453125,1339.0068359375
2021-05-05,225.46951293945312,26584.69140625,1340.84765625
2021-05-06,223.6590576171875,26794.4765625,1344.9893798828125
2021-05-07,230.1968536376953,27002.263671875,1398.6785888671875
2021-05-10,234.59605407714844,27146.115234375,1412.3309326171875
2021-05-11,234.578857421875,27254.00390625,1393.1561279296875
2021-05-12,236.50726318359372,27293.962890625,1397.298095703125
2021-05-13,230.911376953125,27333.921875,1364.4708251953125
2021-05-14,230.63589477539065,27343.912109375,1359.25537109375
2021-05-17,231.1524353027344,27349.90625,1355.1136474609375
2021-05-18,234.1311492919922,27335.921875,1367.9989013671875
2021-05-19,228.9657440185547,27000.263671875,1352.045654296875
2021-05-20,233.25303649902344,27128.134765625,1389.1678466796875
2021-05-21,231.92724609375,27022.2421875,1360.6358642578125
2021-05-24,233.59739685058597,26916.3515625,1365.5445556640625
2021-05-25,237.4026031494141,26736.537109375,1374.7484130859375
2021-05-26,229.5167236328125,26908.359375,1337.626220703125
2021-05-27,229.48228454589844,26930.3359375,1340.84765625
2021-05-28,226.76182556152344,27200.060546875,1347.904052734375
2021-05-31,225.4360198974609,26341.1796875,1355.6644287109375
2021-06-01,228.41476440429688,26678.96484375,1355.9864501953125
2021-06-02,228.08763122558597,26894.826171875,1351.3172607421875
2021-06-03,227.0201110839844,26569.03515625,1337.953857421875
2021-06-04,225.65988159179688,26375.158203125,1325.556396484375
2021-06-07,227.27838134765625,26219.2578125,1354.537353515625
2021-06-08,224.85061645507807,26055.36328125,1329.58154296875
2021-06-09,225.5565643310547,26427.125,1333.9287109375
2021-06-10,227.7260284423828,26123.3203125,1362.7486572265625
2021-06-11,234.66490173339844,26185.279296875,1391.24658203125
2021-06-14,234.59605407714844,26305.203125,1385.611328125
2021-06-15,229.56837463378903,26087.341796875,1367.0958251953125
2021-06-16,226.15921020507807,25753.5546875,1346.8092041015625
2021-06-17,224.12747192382807,24906.095703125,1315.091064453125
2021-06-18,223.697021484375,25056.0,1305.2696533203125
2021-06-21,223.0255126953125,25205.904296875,1288.84716796875
2021-06-22,220.7096405029297,24996.0390625,1286.43212890625
2021-06-23,218.63331604003903,25337.8203125,1290.1351318359375
2021-06-24,210.09739685058597,24418.408203125,1280.6361083984375
2021-06-25,205.5188751220703,24708.22265625,1261.476318359375
2021-06-28,205.58985900878903,24920.087890625,1265.5015869140625
2021-06-29,200.7983856201172,24712.220703125,1241.3505859375
2021-06-30,204.08143615722656,24794.16796875,1264.696533203125
2021-07-01,201.8986358642578,24568.3125,1261.154296875
2021-07-02,203.60227966308597,24978.05078125,1267.2725830078125
2021-07-05,201.7744140625,24834.142578125,1252.4600830078125
2021-07-06,197.160400390625,24512.34765625,1229.436279296875
2021-07-07,202.5552520751953,24722.21484375,1277.5767822265625
2021-07-08,200.3724822998047,24506.3515625,1254.231201171875
2021-07-09,206.65463256835935,24766.185546875,1306.5577392578125
2021-07-12,207.6129150390625,25101.970703125,1308.972900390625
2021-07-13,212.33343505859372,25677.603515625,1345.0380859375
2021-07-14,210.2038726806641,25747.55859375,1330.86962890625
2021-07-15,213.84185791015625,25665.611328125,1352.2833251953125
2021-07-16,211.3218994140625,25223.89453125,1342.139892578125
2021-07-19,207.1515350341797,25081.984375,1343.9111328125
2021-07-20,212.59962463378903,25044.0078125,1376.2730712890625
2021-07-21,214.8533935546875,25004.033203125,1377.56103515625
2021-07-22,218.98825073242188,25075.98828125,1401.2288818359375
2021-07-23,218.2783966064453,25000.037109375,1398.974853515625
2021-07-26,219.96429443359372,25044.0078125,1406.381103515625
2021-07-27,226.15771484375,25423.765625,1434.073974609375
2021-07-28,227.4354553222656,25673.607421875,1437.777099609375
2021-07-29,229.01486206054688,25253.875,1444.378173828125
2021-07-30,228.78414916992188,25299.845703125,1442.2852783203125
2021-08-02,227.47093200683597,25277.859375,1438.582275390625
2021-08-03,229.1390686035156,25537.693359375,1437.133056640625
2021-08-04,228.83740234375,25473.734375,1441.963134765625
2021-08-05,231.286376953125,25483.728515625,1442.92919921875
2021-08-06,228.2162933349609,25169.927734375,1425.70166015625
2021-08-09,225.16392517089844,24876.115234375,1399.1358642578125
2021-08-10,227.41769409179688,24578.306640625,1423.28662109375
2021-08-11,225.30589294433597,24494.359375,1423.9306640625
2021-08-12,223.65550231933597,24614.283203125,1407.5081787109375
2021-08-13,222.4665069580078,24462.380859375,1407.9910888671875
2021-08-16,222.7149658203125,24326.466796875,1414.75341796875
2021-08-17,222.8924102783203,24624.27734375,1404.93212890625
2021-08-18,218.3138885498047,24310.4765625,1377.2391357421875
2021-08-19,213.71763610839844,23674.8828125,1355.3424072265625
2021-08-20,211.0911865234375,23528.9765625,1341.656982421875
2021-08-23,211.17991638183597,23858.765625,1356.469482421875
2021-08-24,212.1914520263672,24010.66796875,1359.3675537109375
2021-08-25,216.0068817138672,23968.6953125,1374.6630859375
2021-08-26,215.2437896728516,23756.830078125,1371.281982421875
2021-08-27,217.65728759765625,23932.71875,1392.53466796875
2021-08-30,222.4665069580078,24284.494140625,1403.0
2021-08-31,219.16571044921875,24036.65234375,1384.162353515625
2021-09-01,217.7815093994141,24072.62890625,1406.2164306640625
2021-09-02,218.4913482666016,23920.7265625,1428.3975830078125
2021-09-03,218.34939575195312,24376.435546875,1393.5174560546875
2021-09-06,222.78286743164065,24660.25390625,1407.9097900390625
2021-09-07,222.36959838867188,24394.423828125,1409.2642822265625
2021-09-08,222.1817169189453,24164.5703125,1405.369873046875
2021-09-09,213.72802734375,24074.626953125,1377.4317626953125
2021-09-10,217.7294464111328,24520.34375,1385.559326171875
2021-09-13,221.0545654296875,24424.404296875,1398.427734375
2021-09-14,215.51271057128903,24024.66015625,1374.72265625
2021-09-15,215.73812866210935,23890.744140625,1374.8919677734375
2021-09-16,212.9766082763672,23429.0390625,1365.74853515625
2021-09-17,208.5618896484375,23357.0859375,1331.03759765625
2021-09-20,200.95358276367188,22667.525390625,1285.828857421875
2021-09-21,202.1183013916016,22557.595703125,1286.1673583984375
2021-09-22,206.8335876464844,22997.314453125,1321.894287109375
2021-09-23,209.4824066162109,23065.271484375,1327.4818115234375
2021-09-24,210.891357421875,22835.41796875,1327.4818115234375
2021-09-27,209.7454071044922,22741.478515625,1328.83642578125
2021-09-28,204.823486328125,22441.669921875,1295.6494140625
2021-09-29,205.36827087402344,22167.845703125,1304.1156005859375
2021-09-30,203.24546813964844,21756.107421875,1287.5220947265625
2021-10-01,199.2252655029297,22017.94140625,1268.896728515625
2021-10-04,192.6125946044922,21618.1953125,1238.9266357421875
2021-10-05,195.58078002929688,21774.095703125,1253.996337890625
2021-10-06,196.70794677734372,21326.3828125,1293.4482421875
2021-10-07,203.7714691162109,22255.7890625,1324.095458984375
2021-10-08,208.1861724853516,22619.556640625,1341.3663330078125
2021-10-11,208.5618896484375,22599.5703125,1351.1868896484375
2021-10-12,205.80035400390625,22619.556640625,1349.4937744140625
2021-10-13,201.70501708984372,22715.49609375,1345.2607421875
2021-10-14,202.1370849609375,22877.392578125,1351.3563232421875
2021-10-15,198.83074951171875,23039.2890625,1323.7568359375
2021-10-18,205.7252197265625,23075.265625,1379.8023681640625
2021-10-19,208.0546722412109,23568.951171875,1398.427734375
2021-10-20,207.3971710205078,23610.923828125,1376.7545166015625
2021-10-21,212.0936584472656,23225.169921875,1382.511474609375
2021-10-22,211.4737243652344,22833.419921875,1372.3521728515625
2021-10-25,214.0474090576172,22899.37890625,1379.9715576171875
2021-10-26,217.8985137939453,22779.455078125,1383.52734375
2021-10-27,215.56906127929688,22335.73828125,1380.4796142578125
2021-10-28,211.7367248535156,22313.751953125,1370.658935546875
2021-10-29,210.2902069091797,22135.865234375,1365.91796875
2021-11-01,213.032958984375,22313.751953125,1404.5233154296875
2021-11-02,211.69915771484372,22123.873046875,1395.718505859375
2021-11-03,209.5387725830078,21939.990234375,1395.718505859375
2021-11-05,207.41595458984372,21610.201171875,1377.60107421875
2021-11-08,209.3321228027344,21886.025390625,1414.5133056640625
2021-11-09,213.032958984375,22215.814453125,1419.2542724609375
2021-11-10,209.9708404541016,21856.044921875,1397.242431640625
2021-11-11,211.09800720214844,22031.931640625,1418.0689697265625
2021-11-12,207.3783721923828,22165.845703125,1415.867919921875
2021-11-15,207.73532104492188,22347.73046875,1414.5133056640625
2021-11-16,208.6182556152344,22605.56640625,1416.037109375
2021-11-17,209.8957061767578,22581.580078125,1420.6087646484375
2021-11-18,210.6847076416016,22285.76953125,1438.3876953125
2021-11-19,208.43038940429688,22031.931640625,1411.8040771484375
2021-11-22,206.1760711669922,21618.1953125,1406.893798828125
2021-11-23,208.11102294921875,22325.744140625,1411.634765625
2021-11-24,208.80612182617188,22153.853515625,1400.62890625
2021-11-25,209.8957061767578,22127.87109375,1403.845947265625
2021-11-26,205.0677032470703,21620.1953125,1366.59521484375
2021-11-29,206.45787048339844,21572.224609375,1371.505615234375
2021-11-30,202.9261016845703,21540.24609375,1325.619384765625
2021-12-01,204.5792694091797,22185.833984375,1333.408203125
2021-12-02,204.2786865234375,22105.884765625,1342.0435791015625
2021-12-03,206.2700042724609,21812.072265625,1323.5875244140625
2021-12-06,206.13999938964844,21812.072265625,1315.290771484375
2021-12-07,207.7400054931641,21878.029296875,1355.2506103515625
2021-12-08,208.33999633789065,21973.96875,1349.6629638671875
2021-12-09,211.66000366210935,22039.92578125,1353.5574951171875
2021-12-10,212.0200042724609,21844.052734375,1347.6312255859375
2021-12-13,204.8000030517578,20886.6640625,1336.6505126953125
2021-12-14,198.0800018310547,20944.626953125,1305.1494140625
2021-12-15,201.13999938964844,21132.505859375,1293.157470703125
2021-12-16,210.66000366210935,21388.34375,1349.3583984375
2021-12-17,209.5399932861328,21770.099609375,1340.76708984375
2021-12-20,214.6999969482422,21672.162109375,1353.4749755859375
2021-12-21,211.77999877929688,21668.1640625,1380.1435546875
2021-12-22,212.27999877929688,21874.033203125,1401.263671875
2021-12-23,211.7400054931641,21916.005859375,1409.8548583984375
2021-12-24,212.33999633789065,21808.07421875,1411.2867431640625
2021-12-27,214.3999938964844,22357.724609375,1426.3214111328125
2021-12-28,216.6000061035156,22623.5546875,1423.9945068359375
2021-12-29,215.44000244140625,22567.58984375,1404.4853515625
2021-12-30,216.8800048828125,22825.42578125,1431.1539306640625
2022-01-03,218.0,23281.134765625,1444.040771484375
2022-01-04,218.27999877929688,23269.142578125,1437.4183349609375
2022-01-05,217.0,23437.03515625,1426.3214111328125
2022-01-06,213.6000061035156,23233.1640625,1416.119384765625
2022-01-10,211.8999938964844,23552.9609375,1384.26025390625
2022-01-11,217.4600067138672,23688.873046875,1410.391845703125
2022-01-12,220.4199981689453,23976.689453125,1417.9091796875
2022-01-13,219.47999572753903,22758.0,1391.5985107421875
2022-01-14,213.3000030517578,22548.0,1376.2059326171875
2022-01-17,210.16000366210935,21818.0,1356.8756103515625
2022-01-18,210.16000366210935,21818.0,1356.8756103515625
2022-01-19,210.22000122070312,21956.0,1316.0673828125
2022-01-20,212.8800048828125,22554.0,1351.506103515625
2022-01-21,207.5,22192.0,1326.4483642578125
2022-01-24,197.17999267578125,21072.0,1252.5281982421875
2022-01-25,193.17999267578125,20996.0,1247.15869140625
2022-01-26,203.0200042724609,22064.0,1291.188720703125
2022-01-27,206.94000244140625,22036.0,1308.550048828125
2022-01-28,212.33999633789065,22140.0,1329.1331787109375
2022-01-31,212.33999633789065,22140.0,1329.1331787109375
2022-02-01,214.3800048828125,21826.0,1369.5836181640625
2022-02-02,218.5200042724609,21784.0,1398.9368896484375
2022-02-03,216.1000061035156,21406.0,1391.5985107421875
2022-02-04,216.82000732421875,21360.0,1391.4195556640625
2022-02-07,220.32000732421875,21440.0,1392.493408203125
2022-02-08,227.8600006103516,22372.0,1457.464599609375
2022-02-09,232.33999633789065,22798.0,1499.8836669921875
2022-02-10,230.8000030517578,22668.0,1492.1873779296875
2022-02-11,227.67999267578125,22078.0,1469.0985107421875
2022-02-14,226.55999755859372,21948.0,1432.048828125
2022-02-15,234.3999938964844,22272.0,1470.5302734375
2022-02-16,235.1999969482422,22380.0,1483.9541015625
2022-02-17,226.82000732421875,21698.0,1438.4923095703125
2022-02-18,228.27999877929688,21490.0,1461.5811767578125
2022-02-21,208.8600006103516,20200.0,1373.7001953125
2022-02-22,218.7400054931641,21306.0,1422.920654296875
2022-02-24,168.3000030517578,17616.0,1059.7626953125
2022-02-25,187.5,20000.0,1261.8353271484375
2022-03-24,183.0,20990.0,1145.495849609375
2022-03-25,173.0,21070.0,1038.463623046875
2022-03-28,163.5,20850.0,943.0653686523438
2022-03-29,158.02000427246094,20028.0,907.2685546875
2022-03-30,167.0,20462.0,946.823974609375
2022-03-31,171.89999389648438,20974.0,984.4105224609376
2022-04-01,173.1999969482422,21500.0,1067.280029296875
2022-04-04,173.1999969482422,21500.0,1060.4786376953125
2022-04-05,162.5,20986.0,978.1461181640624
2022-04-06,160.5,21150.0,950.2246704101562
2022-04-07,160.52000427246094,21150.0,953.9833374023438
2022-04-08,161.13999938964844,21112.0,953.9833374023438
2022-04-11,157.1999969482422,21006.0,911.0272216796876
2022-04-12,155.44000244140625,20990.0,926.7777709960938
2022-04-13,155.0,20794.0,906.9105834960938
2022-04-14,150.1999969482422,20004.0,873.0826416015625
2022-04-15,155.22000122070312,20240.0,868.966064453125
2022-04-18,148.0,19886.0,871.2927856445312
2022-04-19,149.16000366210938,19676.0,897.96142578125
2022-04-20,156.5,20590.0,935.1900024414062
2022-04-21,156.5,20590.0,935.1900024414062
2022-04-22,155.86000061035156,19700.0,1061.800048828125
2022-04-25,155.86000061035156,19700.0,1061.800048828125
2022-04-26,157.97999572753906,20994.0,1069.800048828125
2022-04-27,158.16000366210938,21272.0,1080.0
2022-04-28,157.24000549316406,21000.0,1059.800048828125
2022-04-29,158.60000610351562,21550.0,1095.0
2022-05-04,155.0,21352.0,1081.0
2022-05-05,157.94000244140625,21352.0,1081.0
2022-05-06,162.0,21766.0,1108.0
2022-05-11,159.3800048828125,21330.0,1125.0
2022-05-12,156.0,21238.0,1092.5999755859375
2022-05-13,155.10000610351562,21200.0,1082.199951171875
2022-05-16,155.10000610351562,21200.0,1082.199951171875
2022-05-17,159.0,21348.0,1114.0
2022-05-18,160.3000030517578,21416.0,1144.0
2022-05-19,161.6199951171875,21300.0,1150.5999755859375
2022-05-20,161.6199951171875,21300.0,1150.5999755859375
2022-05-23,161.6199951171875,21300.0,1150.5999755859375
2022-05-24,161.6199951171875,21300.0,1150.5999755859375
